-- phpMyAdmin SQL Dump
-- version 3.5.2.2
-- http://www.phpmyadmin.net
--
-- Host: 127.0.0.1
-- Generation Time: Jul 25, 2013 at 03:16 AM
-- Server version: 5.5.27
-- PHP Version: 5.4.7

SET SQL_MODE="NO_AUTO_VALUE_ON_ZERO";
SET time_zone = "+00:00";


/*!40101 SET @OLD_CHARACTER_SET_CLIENT=@@CHARACTER_SET_CLIENT */;
/*!40101 SET @OLD_CHARACTER_SET_RESULTS=@@CHARACTER_SET_RESULTS */;
/*!40101 SET @OLD_COLLATION_CONNECTION=@@COLLATION_CONNECTION */;
/*!40101 SET NAMES utf8 */;

--
-- Database: `mystep`
--

-- --------------------------------------------------------

--
-- Table structure for table `adm_daerah`
--

CREATE TABLE IF NOT EXISTS `adm_daerah` (
  `id_adm_daerah` int(11) NOT NULL AUTO_INCREMENT,
  `id_adm_negeri` tinyint(4) DEFAULT NULL,
  `daerah` varchar(200) DEFAULT NULL,
  `created_by` varchar(50) DEFAULT NULL,
  `created_date` date DEFAULT NULL,
  `modified_by` varchar(50) DEFAULT NULL,
  `modified_date` date DEFAULT NULL,
  `aktif` enum('tidak','ya') DEFAULT NULL,
  `temp_object_id` varchar(255) DEFAULT NULL,
  PRIMARY KEY (`id_adm_daerah`),
  KEY `id_adm_negeri` (`id_adm_negeri`) USING BTREE,
  KEY `id_daerah` (`id_adm_daerah`,`daerah`) USING BTREE,
  KEY `object_id` (`temp_object_id`,`id_adm_daerah`) USING BTREE
) ENGINE=MyISAM  DEFAULT CHARSET=latin1 AUTO_INCREMENT=161 ;

--
-- Dumping data for table `adm_daerah`
--

INSERT INTO `adm_daerah` (`id_adm_daerah`, `id_adm_negeri`, `daerah`, `created_by`, `created_date`, `modified_by`, `modified_date`, `aktif`, `temp_object_id`) VALUES
(1, 7, 'BARAT DAYA (BALIK PULAU)', 'migrate', '0000-00-00', 'migrate', '0000-00-00', NULL, '010021064214100553862919730133'),
(2, 5, 'JELEBU', 'migrate', '0000-00-00', 'migrate', '0000-00-00', NULL, '010021064214100554081153860990'),
(3, 5, 'KUALA PILAH', 'migrate', '0000-00-00', 'migrate', '0000-00-00', NULL, '010021064214100554647484915006'),
(4, 7, 'SEBERANG PERAI UTARA', 'migrate', '0000-00-00', 'migrate', '0000-00-00', NULL, '010021064214100553869777630846'),
(5, 7, 'SEBERANG PERAI TENGAH', 'migrate', '0000-00-00', 'migrate', '0000-00-00', NULL, '010021064214100553875955431539'),
(6, 5, 'PORT DICKSON', 'migrate', '0000-00-00', 'migrate', '0000-00-00', NULL, '010021064214100554651677515302'),
(7, 7, 'SEBERANG PERAI SELATAN', 'migrate', '0000-00-00', 'migrate', '0000-00-00', NULL, '010021064214100553881570532300'),
(8, 5, 'REMBAU', 'migrate', '0000-00-00', 'migrate', '0000-00-00', NULL, '010021064214100554690797517708'),
(9, 5, 'SEREMBAN', 'migrate', '0000-00-00', 'migrate', '0000-00-00', NULL, '010021064214100554695036318004'),
(10, 5, 'TAMPIN', 'migrate', '0000-00-00', 'migrate', '0000-00-00', NULL, '010021064214100554699859018906'),
(11, 8, 'PENGKALAN HULU', 'migrate', '0000-00-00', 'migrate', '0000-00-00', NULL, '010021064214100553888700733100'),
(12, 8, 'GERIK (HULU PERAK)', 'migrate', '0000-00-00', 'migrate', '0000-00-00', NULL, '010021064214100553896504634091'),
(13, 8, 'LENGGONG', 'migrate', '0000-00-00', 'migrate', '0000-00-00', NULL, '010021064214100553905010735487'),
(14, 4, 'MELAKA TENGAH', 'migrate', '0000-00-00', 'migrate', '0000-00-00', NULL, '010021064214100554705416119432'),
(15, 8, 'KERIAN', 'migrate', '0000-00-00', 'migrate', '0000-00-00', NULL, '010021064214100553933099540082'),
(16, 9, 'ARAU', 'migrate', '0000-00-00', 'migrate', '0000-00-00', NULL, '010021064214100553699924414492'),
(17, 9, 'KANGAR', 'migrate', '0000-00-00', 'migrate', '0000-00-00', NULL, '010021064214100553760139418796'),
(18, 9, 'PADANG BESAR', 'migrate', '0000-00-00', 'migrate', '0000-00-00', NULL, '010021064214100553765222419540'),
(19, 2, 'KUBANG PASU', 'migrate', '0000-00-00', 'migrate', '0000-00-00', NULL, '010021064214100553769105720066'),
(20, 2, 'PADANG TERAP', 'migrate', '0000-00-00', 'migrate', '0000-00-00', NULL, '010021064214100553777325420714'),
(21, 2, 'KOTA SETAR', 'migrate', '0000-00-00', 'migrate', '0000-00-00', NULL, '010021064214100553783368721091'),
(22, 2, 'PENDANG', 'migrate', '0000-00-00', 'migrate', '0000-00-00', NULL, '010021064214100553787530121545'),
(23, 2, 'YAN', 'migrate', '0000-00-00', 'migrate', '0000-00-00', NULL, '010021064214100553790523121818'),
(24, 2, 'KUALA MUDA', 'migrate', '0000-00-00', 'migrate', '0000-00-00', NULL, '010021064214100553795517422446'),
(25, 2, 'SIK', 'migrate', '0000-00-00', 'migrate', '0000-00-00', NULL, '010021064214100553798928322835'),
(26, 2, 'BALING', 'migrate', '0000-00-00', 'migrate', '0000-00-00', NULL, '010021064214100553802749323111'),
(27, 2, 'KULIM', 'migrate', '0000-00-00', 'migrate', '0000-00-00', NULL, '010021064214100553806007523745'),
(28, 2, 'BANDAR BARU', 'migrate', '0000-00-00', 'migrate', '0000-00-00', NULL, '010021064214100553809616224137'),
(29, 2, 'LANGKAWI', 'migrate', '0000-00-00', 'migrate', '0000-00-00', NULL, '010021064214100553815272724656'),
(30, 7, 'TIMUR LAUT', 'migrate', '0000-00-00', 'migrate', '0000-00-00', NULL, '010021064214100553857286429479'),
(31, 8, 'HILIR PERAK', 'migrate', '0000-00-00', 'migrate', '0000-00-00', NULL, '010021064214100553981250647742'),
(32, 8, 'SUNGAI SIPUT UTARA', 'migrate', '0000-00-00', 'migrate', '0000-00-00', NULL, '010021064214100553989857448905'),
(33, 8, 'KAMPAR', 'migrate', '0000-00-00', 'migrate', '0000-00-00', NULL, '010021064214100553995800549675'),
(34, 8, 'BATANG PADANG', 'migrate', '0000-00-00', 'migrate', '0000-00-00', NULL, '010021064214100554000031050464'),
(35, 1, 'BATU PAHAT', 'migrate', '0000-00-00', 'migrate', '0000-00-00', NULL, '010021064214100554721277721908'),
(36, 8, 'SLIM RIVER', 'migrate', '0000-00-00', 'migrate', '0000-00-00', NULL, '010021064214100554005118951486'),
(37, 1, 'JOHOR BAHRU', 'migrate', '0000-00-00', 'migrate', '0000-00-00', NULL, '010021064214100554731660423146'),
(38, 13, 'KUCHING UTARA', 'migrate', '0000-00-00', 'migrate', '0000-00-00', NULL, '010021064214100555212709182323'),
(39, 13, 'DARO', 'migrate', '0000-00-00', 'migrate', '0000-00-00', NULL, '010021064214100555191022179208'),
(40, 13, 'MARUDI', 'migrate', '0000-00-00', 'migrate', '0000-00-00', NULL, 'KHEDN000000000010192'),
(41, 10, 'KUALA SELANGOR', 'migrate', '0000-00-00', 'migrate', '0000-00-00', NULL, '010021064214100554010692952277'),
(42, 1, 'KLUANG', 'migrate', '0000-00-00', 'migrate', '0000-00-00', NULL, '010021064214100554736929023840'),
(43, 10, 'HULU SELANGOR', 'migrate', '0000-00-00', 'migrate', '0000-00-00', NULL, '010021064214100554015690853185'),
(44, 127, 'KUALA TERENGGANU', 'migrate', '0000-00-00', 'migrate', '0000-00-00', NULL, '010021064214100554910555943028'),
(45, 10, 'SABAK BERNAM', 'migrate', '0000-00-00', 'migrate', '0000-00-00', NULL, '010021064214100554020290453939'),
(46, 1, 'KOTA TINGGI', 'migrate', '0000-00-00', 'migrate', '0000-00-00', NULL, '010021064214100554740833324214'),
(47, 10, 'KLANG', 'migrate', '0000-00-00', 'migrate', '0000-00-00', NULL, '010021064214100554025548654599'),
(48, 10, 'SEPANG', 'migrate', '0000-00-00', 'migrate', '0000-00-00', NULL, '010021064214100554029411355145'),
(49, 10, 'KUALA LANGAT', 'migrate', '0000-00-00', 'migrate', '0000-00-00', NULL, '010021064214100554034731955961'),
(50, 10, 'HULU LANGAT', 'migrate', '0000-00-00', 'migrate', '0000-00-00', NULL, '010021064214100554042478757038'),
(51, 10, 'GOMBAK', 'migrate', '0000-00-00', 'migrate', '0000-00-00', NULL, '010021064214100554045691657710'),
(52, 10, 'PETALING', 'migrate', '0000-00-00', 'migrate', '0000-00-00', NULL, '010021064214100554050089358016'),
(53, 14, 'BRICKFIELDS', 'migrate', '0000-00-00', 'migrate', '0000-00-00', NULL, '010021064214100554055004858576'),
(54, 14, 'DANG WANGI', 'migrate', '0000-00-00', 'migrate', '0000-00-00', NULL, '010021064214100554065077159137'),
(55, 14, 'CHERAS', 'migrate', '0000-00-00', 'migrate', '0000-00-00', NULL, '010021064214100554071148959863'),
(56, 14, 'SENTUL', 'migrate', '0000-00-00', 'migrate', '0000-00-00', NULL, '010021064214100554075621560426'),
(57, 1, 'KULAI', 'migrate', '0000-00-00', 'migrate', '0000-00-00', NULL, '010021064214100554744390424702'),
(58, 1, 'MERSING', 'migrate', '0000-00-00', 'migrate', '0000-00-00', NULL, '010021064214100554802061431139'),
(59, 1, 'MUAR', 'migrate', '0000-00-00', 'migrate', '0000-00-00', NULL, '010021064214100554807804431791'),
(60, 1, 'LEDANG', 'migrate', '0000-00-00', 'migrate', '0000-00-00', NULL, 'KHEDN000000000015705'),
(61, 1, 'PONTIAN', 'migrate', '0000-00-00', 'migrate', '0000-00-00', NULL, '010021064214100554819613832663'),
(62, 1, 'SEGAMAT', 'migrate', '0000-00-00', 'migrate', '0000-00-00', NULL, '010021064214100554824506933179'),
(63, 12, 'KOTA KINABALU', 'migrate', '0000-00-00', 'migrate', '0000-00-00', NULL, '010021064214100555064621163093'),
(64, 6, 'BENTONG', 'migrate', '0000-00-00', 'migrate', '0000-00-00', NULL, '010021064214100554831379634241'),
(65, 6, 'CAMERON HIGHLANDS', 'migrate', '0000-00-00', 'migrate', '0000-00-00', NULL, '010021064214100554837484934950'),
(66, 6, 'JERANTUT', 'migrate', '0000-00-00', 'migrate', '0000-00-00', NULL, '010021064214100554842013635602'),
(67, 6, 'ROMPIN', 'migrate', '0000-00-00', 'migrate', '0000-00-00', NULL, '010021064214100554870905438974'),
(68, 6, 'TEMERLOH', 'migrate', '0000-00-00', 'migrate', '0000-00-00', NULL, '010021064214100554876349639270'),
(69, 13, 'LUNDU', 'migrate', '0000-00-00', 'migrate', '0000-00-00', NULL, '010021064214100555230250184143'),
(70, 13, 'KANOWIT', 'migrate', '0000-00-00', 'migrate', '0000-00-00', NULL, '010021064214100555200457281179'),
(71, 16, 'PUTRAJAYA', 'migrate', '0000-00-00', 'migrate', '0000-00-00', NULL, '192009200112103309218431355775'),
(72, 13, 'SIMUNJAN', 'migrate', '0000-00-00', 'migrate', '0000-00-00', NULL, '010021064214100561698738503486'),
(73, 13, 'SARIKEI', 'migrate', '0000-00-00', 'migrate', '0000-00-00', NULL, '010021064214100561679001101456'),
(74, 13, 'SERIAN', 'migrate', '0000-00-00', 'migrate', '0000-00-00', NULL, '010021064214100561682986101862'),
(75, 13, 'SIBU ', 'migrate', '0000-00-00', 'migrate', '0000-00-00', NULL, '010021064214100561690362802674'),
(76, 13, 'BINTULU', 'migrate', '0000-00-00', 'migrate', '0000-00-00', NULL, '010021064214100555180921176489'),
(77, 13, 'SAMARAHAN', 'migrate', '0000-00-00', 'migrate', '0000-00-00', NULL, '010021064214100561646078197281'),
(78, 12, 'BEAUFORT', 'migrate', '0000-00-00', 'migrate', '0000-00-00', NULL, '010021064214100555037771858649'),
(79, 6, 'BERA', 'migrate', '0000-00-00', 'migrate', '0000-00-00', NULL, '192009200112107845706897815898'),
(80, 12, 'TENOM', 'migrate', '0000-00-00', 'migrate', '0000-00-00', NULL, '010021064214100745362058377738'),
(81, 13, 'MERADONG', 'migrate', '0000-00-00', 'migrate', '0000-00-00', NULL, '010021064214100555289882288302'),
(82, 127, 'BESUT', 'migrate', '0000-00-00', 'migrate', '0000-00-00', NULL, '010021064214100554889974640657'),
(83, 127, 'DUNGUN', 'migrate', '0000-00-00', 'migrate', '0000-00-00', NULL, '010021064214100554896784641565'),
(84, 8, 'SELAMA', 'migrate', '0000-00-00', 'migrate', '0000-00-00', NULL, '010021064214100553948009142454'),
(85, 8, 'LARUT DAN MATANG', 'migrate', '0000-00-00', 'migrate', '0000-00-00', NULL, '010021064214100553951389743110'),
(86, 4, 'ALOR GAJAH', 'migrate', '0000-00-00', 'migrate', '0000-00-00', NULL, '010021064214100554712734520334'),
(87, 8, 'KUALA KANGSAR', 'migrate', '0000-00-00', 'migrate', '0000-00-00', NULL, '010021064214100553956138143742'),
(88, 8, 'KINTA UTARA', 'migrate', '0000-00-00', 'migrate', '0000-00-00', NULL, '010021064214100553960528344425'),
(89, 8, 'BATU GAJAH', 'migrate', '0000-00-00', 'migrate', '0000-00-00', NULL, '010021064214100553964462845005'),
(90, 8, 'PERAK TENGAH', 'migrate', '0000-00-00', 'migrate', '0000-00-00', NULL, '010021064214100553968760045494'),
(91, 4, 'JASIN', 'migrate', '0000-00-00', 'migrate', '0000-00-00', NULL, '010021064214100554716101421006'),
(92, 127, 'MARANG', 'migrate', '0000-00-00', 'migrate', '0000-00-00', NULL, '010021064214100554925767545574'),
(93, 8, 'MANJUNG', 'migrate', '0000-00-00', 'migrate', '0000-00-00', NULL, '010021064214100553973076846244'),
(94, 13, 'BETONG', 'migrate', '0000-00-00', 'migrate', '0000-00-00', NULL, '010021064214100555176560175757'),
(95, 13, 'DALAT', 'migrate', '0000-00-00', 'migrate', '0000-00-00', NULL, '010021064214100555184603777406'),
(96, 13, 'JULAU', 'migrate', '0000-00-00', 'migrate', '0000-00-00', NULL, '010021064214100555194986780244'),
(97, 13, 'PAKAN', 'migrate', '0000-00-00', 'migrate', '0000-00-00', NULL, 'KHEDN000000000010194'),
(98, 13, 'KAPIT', 'migrate', '0000-00-00', 'migrate', '0000-00-00', NULL, '010021064214100555204247881545'),
(99, 13, 'PADAWAN', 'migrate', '0000-00-00', 'migrate', '0000-00-00', NULL, '010021064214100555209201781911'),
(100, 13, 'LIMBANG', 'migrate', '0000-00-00', 'migrate', '0000-00-00', NULL, '010021064214100555222861883411'),
(101, 127, 'HULU TERENGGANU', 'migrate', '0000-00-00', 'migrate', '0000-00-00', NULL, '010021064214100554900861641861'),
(102, 127, 'KEMAMAN', 'migrate', '0000-00-00', 'migrate', '0000-00-00', NULL, '010021064214100554906979142523'),
(103, 127, 'SETIU', 'migrate', '0000-00-00', 'migrate', '0000-00-00', NULL, '010021064214100554930349246288'),
(104, 3, 'BACHOK', 'migrate', '0000-00-00', 'migrate', '0000-00-00', NULL, '010021064214100554933769646827'),
(105, 3, 'DABONG', 'migrate', '0000-00-00', 'migrate', '0000-00-00', NULL, '010021064214100554937839847469'),
(106, 3, 'GUA MUSANG', 'migrate', '0000-00-00', 'migrate', '0000-00-00', NULL, '010021064214100554942053648070'),
(107, 3, 'JELI', 'migrate', '0000-00-00', 'migrate', '0000-00-00', NULL, '010021064214100554978290251221'),
(108, 3, 'KOTA BHARU', 'migrate', '0000-00-00', 'migrate', '0000-00-00', NULL, '010021064214100554982827551537'),
(109, 3, 'KUALA KRAI', 'migrate', '0000-00-00', 'migrate', '0000-00-00', NULL, '010021064214100554987861351912'),
(110, 3, 'MACHANG', 'migrate', '0000-00-00', 'migrate', '0000-00-00', NULL, '010021064214100554991925552669'),
(111, 3, 'PASIR MAS', 'migrate', '0000-00-00', 'migrate', '0000-00-00', NULL, '010021064214100554995481553281'),
(112, 3, 'PASIR PUTEH', 'migrate', '0000-00-00', 'migrate', '0000-00-00', NULL, '010021064214100554999714853957'),
(113, 3, 'RANTAU PANJANG', 'migrate', '0000-00-00', 'migrate', '0000-00-00', NULL, '010021064214100555003768954631'),
(114, 3, 'TUMPAT', 'migrate', '0000-00-00', 'migrate', '0000-00-00', NULL, '010021064214100555009099855378'),
(115, 3, 'TANAH MERAH', 'migrate', '0000-00-00', 'migrate', '0000-00-00', NULL, '010021064214100555012399955694'),
(116, 12, 'BANGGI', 'migrate', '0000-00-00', 'migrate', '0000-00-00', NULL, '010021064214100555025610757567'),
(117, 12, 'BELURAN', 'migrate', '0000-00-00', 'migrate', '0000-00-00', NULL, '010021064214100555041689559311'),
(118, 12, 'KENINGAU', 'migrate', '0000-00-00', 'migrate', '0000-00-00', NULL, '010021064214100555055295561689'),
(119, 12, 'KOTA BELUD', 'migrate', '0000-00-00', 'migrate', '0000-00-00', NULL, '010021064214100555059612662318'),
(120, 12, 'KINABATANGAN', 'migrate', '0000-00-00', 'migrate', '0000-00-00', NULL, '010021064214100555068179763545'),
(121, 12, 'KOTA MARUDU', 'migrate', '0000-00-00', 'migrate', '0000-00-00', NULL, '010021064214100555076781164131'),
(122, 12, 'KUALA PENYU', 'migrate', '0000-00-00', 'migrate', '0000-00-00', NULL, '010021064214100555081322364467'),
(123, 12, 'KUDAT', 'migrate', '0000-00-00', 'migrate', '0000-00-00', NULL, '010021064214100555098349665730'),
(124, 12, 'KUNAK', 'migrate', '0000-00-00', 'migrate', '0000-00-00', NULL, '010021064214100555103613666076'),
(125, 12, 'WP LABUAN', 'migrate', '0000-00-00', 'migrate', '0000-00-00', NULL, '010021064214100555108247866788'),
(126, 12, 'LAHAD DATU', 'migrate', '0000-00-00', 'migrate', '0000-00-00', NULL, '010021064214100555113019567500'),
(127, 12, 'NABAWAN', 'migrate', '0000-00-00', 'migrate', '0000-00-00', NULL, '010021064214100555120322768192'),
(128, 12, 'PAPAR', 'migrate', '0000-00-00', 'migrate', '0000-00-00', NULL, '010021064214100555123540668538'),
(129, 12, 'PENAMPANG', 'migrate', '0000-00-00', 'migrate', '0000-00-00', NULL, '010021064214100555127606668884'),
(130, 12, 'PITAS', 'migrate', '0000-00-00', 'migrate', '0000-00-00', NULL, '010021064214100555131145169230'),
(131, 12, 'RANAU', 'migrate', '0000-00-00', 'migrate', '0000-00-00', NULL, '010021064214100555135048669871'),
(132, 12, 'SANDAKAN', 'migrate', '0000-00-00', 'migrate', '0000-00-00', NULL, '010021064214100555138616370288'),
(133, 12, 'SEMPORNA', 'migrate', '0000-00-00', 'migrate', '0000-00-00', NULL, '010021064214100555142152970634'),
(134, 12, 'SIPITANG', 'migrate', '0000-00-00', 'migrate', '0000-00-00', NULL, '010021064214100555146879171540'),
(135, 12, 'SUGUT', 'migrate', '0000-00-00', 'migrate', '0000-00-00', NULL, '010021064214100745347192276026'),
(136, 12, 'TAMBUNAN', 'migrate', '0000-00-00', 'migrate', '0000-00-00', NULL, '010021064214100745354268676806'),
(137, 12, 'TAWAU', 'migrate', '0000-00-00', 'migrate', '0000-00-00', NULL, '010021064214100745358187377112'),
(138, 12, 'TUARAN', 'migrate', '0000-00-00', 'migrate', '0000-00-00', NULL, '010021064214100745421614583080'),
(139, 13, 'ASAJAYA', 'migrate', '0000-00-00', 'migrate', '0000-00-00', NULL, '010021064214100555150937272362'),
(140, 13, 'BAU', 'migrate', '0000-00-00', 'migrate', '0000-00-00', NULL, '010021064214100555156606772897'),
(141, 13, 'KUCHING SELATAN', 'migrate', '0000-00-00', 'migrate', '0000-00-00', NULL, '192009200112109833856141902266'),
(142, 13, 'BELAGA', 'migrate', '0000-00-00', 'migrate', '0000-00-00', NULL, '010021064214100555161755173590'),
(143, 13, 'SONG', 'migrate', '0000-00-00', 'migrate', '0000-00-00', NULL, '010021064214100561702292003892'),
(144, 13, 'SRI AMAN', 'migrate', '0000-00-00', 'migrate', '0000-00-00', NULL, '010021064214100561705597204298'),
(145, 6, 'KUALA LIPIS', 'migrate', '0000-00-00', 'migrate', '0000-00-00', NULL, '010021064214100554846975036231'),
(146, 6, 'KUANTAN', 'migrate', '0000-00-00', 'migrate', '0000-00-00', NULL, '010021064214100554850539836540'),
(147, 6, 'MARAN', 'migrate', '0000-00-00', 'migrate', '0000-00-00', NULL, '010021064214100554860929437766'),
(148, 5, 'JEMPOL', 'migrate', '0000-00-00', 'migrate', '0000-00-00', NULL, '010021064214100554634044513720'),
(149, 13, 'LAWAS', 'migrate', '0000-00-00', 'migrate', '0000-00-00', NULL, '010021064214100555218988783045'),
(150, 13, 'MIRI', 'migrate', '0000-00-00', 'migrate', '0000-00-00', NULL, '010021064214100555293428088688'),
(151, 6, 'PEKAN', 'migrate', '0000-00-00', 'migrate', '0000-00-00', NULL, '010021064214100554865596338428'),
(152, 6, 'RAUB', 'migrate', '0000-00-00', 'migrate', '0000-00-00', NULL, '192009200112101123682026909673'),
(153, 13, 'SARATOK', 'migrate', '0000-00-00', 'migrate', '0000-00-00', NULL, '010021064214100561674647801050'),
(154, 13, 'LUBUK ANTU', 'migrate', '0000-00-00', 'migrate', '0000-00-00', NULL, '010021064214100555226759883777'),
(155, 13, 'MATU', 'migrate', '0000-00-00', 'migrate', '0000-00-00', NULL, '010021064214100555278875686805'),
(156, 13, 'MUKAH', 'migrate', '0000-00-00', 'migrate', '0000-00-00', NULL, '010021064214100555299108989074'),
(157, 13, 'SELANGAU', 'migrate', '0000-00-00', 'migrate', '0000-00-00', NULL, '010021064214100561686728402268'),
(158, 13, 'TATAU', 'migrate', '0000-00-00', 'migrate', '0000-00-00', NULL, 'KHEDN000000000010193'),
(159, 12, 'TONGOD', 'migrate', '0000-00-00', 'migrate', '0000-00-00', NULL, '192009200112115137761752808406'),
(160, 12, 'PUTATAN', 'migrate', '0000-00-00', 'migrate', '0000-00-00', NULL, 'KHEDN000000000005776');

-- --------------------------------------------------------

--
-- Table structure for table `adm_negeri`
--

CREATE TABLE IF NOT EXISTS `adm_negeri` (
  `id_adm_negeri` tinyint(4) NOT NULL AUTO_INCREMENT,
  `kod_negeri` varchar(2) DEFAULT NULL,
  `negeri` varchar(40) DEFAULT NULL,
  `kod_negara` varchar(3) NOT NULL,
  `created_by` varchar(14) DEFAULT NULL,
  `created_date` datetime DEFAULT NULL,
  `modified_by` varchar(14) DEFAULT NULL,
  `modified_date` datetime NOT NULL,
  `aktif` tinyint(1) NOT NULL DEFAULT '1',
  PRIMARY KEY (`id_adm_negeri`),
  UNIQUE KEY `kod_negeri` (`kod_negeri`) USING BTREE,
  KEY `adm_negeri_ibfk_1` (`kod_negara`) USING BTREE,
  KEY `id_negeri` (`id_adm_negeri`,`negeri`) USING BTREE,
  KEY `object_id` (`id_adm_negeri`) USING BTREE
) ENGINE=InnoDB  DEFAULT CHARSET=latin1 AUTO_INCREMENT=127 ;

--
-- Dumping data for table `adm_negeri`
--

INSERT INTO `adm_negeri` (`id_adm_negeri`, `kod_negeri`, `negeri`, `kod_negara`, `created_by`, `created_date`, `modified_by`, `modified_date`, `aktif`) VALUES
(1, 'JE', 'JOHOR', 'MYS', 'migrate', '0000-00-00 00:00:00', 'migrate', '0000-00-00 00:00:00', 1),
(2, 'KD', 'KEDAH', 'MYS', 'migrate', '0000-00-00 00:00:00', 'migrate', '0000-00-00 00:00:00', 1),
(3, 'KN', 'KELANTAN', 'MYS', 'migrate', '0000-00-00 00:00:00', 'migrate', '0000-00-00 00:00:00', 1),
(4, 'MA', 'MELAKA', 'MYS', 'migrate', '0000-00-00 00:00:00', 'migrate', '0000-00-00 00:00:00', 1),
(5, 'NS', 'NEGERI SEMBILAN', 'MYS', 'migrate', '0000-00-00 00:00:00', 'migrate', '0000-00-00 00:00:00', 1),
(6, 'PH', 'PAHANG', 'MYS', 'migrate', '0000-00-00 00:00:00', 'migrate', '0000-00-00 00:00:00', 1),
(7, 'PP', 'PULAU PINANG', 'MYS', 'migrate', '0000-00-00 00:00:00', 'migrate', '0000-00-00 00:00:00', 1),
(8, 'PK', 'PERAK', 'MYS', 'migrate', '0000-00-00 00:00:00', 'migrate', '0000-00-00 00:00:00', 1),
(9, 'PS', 'PERLIS', 'MYS', 'migrate', '0000-00-00 00:00:00', 'migrate', '0000-00-00 00:00:00', 1),
(10, 'SL', 'SELANGOR', 'MYS', 'migrate', '0000-00-00 00:00:00', 'migrate', '0000-00-00 00:00:00', 1),
(12, 'SH', 'SABAH', 'MYS', 'migrate', '0000-00-00 00:00:00', 'migrate', '0000-00-00 00:00:00', 1),
(13, 'SW', 'SARAWAK', 'MYS', 'migrate', '0000-00-00 00:00:00', 'migrate', '0000-00-00 00:00:00', 1),
(14, 'WP', 'WILAYAH PERSEKUTUAN', 'MYS', 'migrate', '0000-00-00 00:00:00', 'migrate', '0000-00-00 00:00:00', 1),
(16, 'PJ', 'WP PUTRAJAYA', 'MYS', 'migrate', '0000-00-00 00:00:00', 'migrate', '0000-00-00 00:00:00', 1),
(127, 'TG', 'TERENGGANU', 'MYS', 'migrate', '0000-00-00 00:00:00', 'migrate', '0000-00-00 00:00:00', 1);

-- --------------------------------------------------------

--
-- Table structure for table `pegawai_ptj`
--

CREATE TABLE IF NOT EXISTS `pegawai_ptj` (
  `id_pegawai_ptj` int(11) NOT NULL AUTO_INCREMENT,
  `nama` varchar(80) DEFAULT NULL,
  `no_tel` varchar(14) DEFAULT NULL,
  `email` varchar(45) DEFAULT NULL,
  `jawatan` varchar(45) DEFAULT NULL,
  `status_aktif` tinyint(1) DEFAULT '1' COMMENT ' 0 =tak aktif1= aktif',
  `cipta_oleh` int(11) DEFAULT NULL,
  `cipta_pada` datetime DEFAULT NULL,
  `kemaskini_oleh` int(11) DEFAULT NULL,
  `kemaskini_pada` timestamp NULL DEFAULT NULL,
  PRIMARY KEY (`id_pegawai_ptj`),
  KEY `id_pegawai_ptj` (`id_pegawai_ptj`) USING BTREE
) ENGINE=InnoDB DEFAULT CHARSET=latin1 AUTO_INCREMENT=1 ;

-- --------------------------------------------------------

--
-- Table structure for table `penerimaan`
--

CREATE TABLE IF NOT EXISTS `penerimaan` (
  `id_penerimaan` int(11) NOT NULL AUTO_INCREMENT,
  `tarikh_semak` date DEFAULT NULL COMMENT 'Tarikh mula semakan dibuat',
  `tarikh_terima` date DEFAULT NULL COMMENT 'Tarikh terima dikaunter terimaan',
  `tarikh_siap_semak` date DEFAULT NULL COMMENT 'Tarikh siap semak semua dokumen',
  `tarikh_kuiri` date DEFAULT NULL COMMENT 'Tarikh pertanyaan dokumen tidak lengkap dan tarikh mula surat peringatan dikira',
  `tahun_terima` varchar(20) NOT NULL COMMENT 'Status penerimaan dokumen sudah diterima atau belum diterima',
  `bulan_kkwt` varchar(15) NOT NULL COMMENT 'Bulan penerimaan dokumen',
  `bil_resit` int(10) DEFAULT NULL COMMENT 'jumlah bilangan resit yang diterima',
  `jumlah_hasil` varchar(20) DEFAULT NULL COMMENT 'Jumlah hasil kutipan resit(RM)',
  `id_ptj` int(11) NOT NULL,
  `id_user` int(11) DEFAULT NULL,
  `cipta_oleh` varchar(11) DEFAULT NULL,
  `cipta_pada` datetime DEFAULT NULL,
  `kemaskini_oleh` varchar(11) DEFAULT NULL,
  `kemaskini_pada` timestamp NULL DEFAULT '0000-00-00 00:00:00' ON UPDATE CURRENT_TIMESTAMP,
  PRIMARY KEY (`id_penerimaan`),
  KEY `id_ptj` (`id_ptj`) USING BTREE,
  KEY `id_user` (`id_user`) USING BTREE
) ENGINE=InnoDB  DEFAULT CHARSET=latin1 COMMENT='Tahun terima dokumen' AUTO_INCREMENT=12 ;

--
-- Dumping data for table `penerimaan`
--

INSERT INTO `penerimaan` (`id_penerimaan`, `tarikh_semak`, `tarikh_terima`, `tarikh_siap_semak`, `tarikh_kuiri`, `tahun_terima`, `bulan_kkwt`, `bil_resit`, `jumlah_hasil`, `id_ptj`, `id_user`, `cipta_oleh`, `cipta_pada`, `kemaskini_oleh`, `kemaskini_pada`) VALUES
(1, '0000-00-00', '2013-01-30', '0000-00-00', '2013-07-24', '2013', 'JANUARI', 0, '', 1, NULL, NULL, NULL, NULL, '2013-07-24 04:50:16'),
(2, '0000-00-00', '2013-01-31', NULL, NULL, '2013', 'JANUARI', NULL, NULL, 2, NULL, NULL, NULL, NULL, '0000-00-00 00:00:00'),
(3, '0000-00-00', '2013-01-31', '0000-00-00', '2013-07-24', '2013', 'JANUARI', 0, '', 3, NULL, NULL, NULL, NULL, '2013-07-24 04:50:24'),
(4, '0000-00-00', '2013-03-01', NULL, NULL, '2013', 'FEBRUARI', NULL, NULL, 5, NULL, NULL, NULL, NULL, '0000-00-00 00:00:00'),
(5, '0000-00-00', '2013-03-14', NULL, NULL, '2013', 'FEBRUARI', NULL, NULL, 6, NULL, NULL, NULL, NULL, '0000-00-00 00:00:00'),
(6, '0000-00-00', '2013-03-14', NULL, NULL, '2013', 'FEBRUARI', NULL, NULL, 7, NULL, NULL, NULL, NULL, '0000-00-00 00:00:00'),
(7, '2013-07-01', '2013-04-18', '2013-07-24', '2013-07-26', '2013', 'MAC', 20, '120000', 8, NULL, NULL, NULL, NULL, '2013-07-25 01:07:12'),
(8, '0000-00-00', '2013-04-25', '0000-00-00', '2013-07-24', '2013', 'MAC', 0, '', 9, NULL, NULL, NULL, NULL, '2013-07-24 07:13:27'),
(9, '0000-00-00', '2013-03-07', '0000-00-00', '2013-07-24', '2013', 'FEBRUARI', 0, '', 1, NULL, NULL, NULL, NULL, '2013-07-24 04:53:53'),
(10, '0000-00-00', '2013-07-25', NULL, NULL, '2013', 'OGOS', NULL, NULL, 8, NULL, NULL, NULL, NULL, '0000-00-00 00:00:00'),
(11, '0000-00-00', '2013-07-26', NULL, NULL, '2013', 'JUN', NULL, NULL, 10, NULL, NULL, NULL, NULL, '0000-00-00 00:00:00');

-- --------------------------------------------------------

--
-- Table structure for table `ptj`
--

CREATE TABLE IF NOT EXISTS `ptj` (
  `id_ptj` int(11) NOT NULL AUTO_INCREMENT,
  `kod_ptj` int(8) NOT NULL,
  `nama_ptj` varchar(100) NOT NULL,
  `nama_jabatan` varchar(100) NOT NULL,
  `alamat` varchar(100) NOT NULL,
  `alamat2` varchar(100) NOT NULL,
  `alamat3` varchar(100) NOT NULL,
  `poskod` char(5) NOT NULL,
  `negeri` varchar(50) NOT NULL,
  `id_negeri` tinyint(4) NOT NULL,
  `id_daerah` int(11) NOT NULL,
  `nama_pegawai` varchar(100) NOT NULL COMMENT 'Pegawai yang boleh dihubungi',
  `nama_penyemak` varchar(100) NOT NULL COMMENT 'Pegawai yang menyemak dokumen',
  `no_telefon` varchar(15) NOT NULL,
  `saiz_ptj` char(2) NOT NULL COMMENT 'Saiz PTJ mengikut jumlah kutipan cth XL,L,M,S',
  `id_pegawai_ptj` int(11) DEFAULT NULL COMMENT 'id Pegawai PTJ yang bertanggung jawab',
  `cipta_oleh` varchar(11) DEFAULT NULL,
  `cipta_pada` datetime DEFAULT NULL,
  `kemaskini_oleh` varchar(11) DEFAULT NULL,
  `kemaskini_pada` timestamp NULL DEFAULT '0000-00-00 00:00:00' ON UPDATE CURRENT_TIMESTAMP,
  `id_user` int(11) DEFAULT NULL,
  PRIMARY KEY (`id_ptj`),
  KEY `ix_kod_ptj` (`id_ptj`,`kod_ptj`,`nama_ptj`,`nama_jabatan`,`negeri`) USING BTREE,
  KEY `fk_id_negeri` (`id_negeri`) USING BTREE,
  KEY `ix_daerah` (`id_daerah`) USING BTREE
) ENGINE=InnoDB  DEFAULT CHARSET=latin1 AUTO_INCREMENT=494 ;

--
-- Dumping data for table `ptj`
--

INSERT INTO `ptj` (`id_ptj`, `kod_ptj`, `nama_ptj`, `nama_jabatan`, `alamat`, `alamat2`, `alamat3`, `poskod`, `negeri`, `id_negeri`, `id_daerah`, `nama_pegawai`, `nama_penyemak`, `no_telefon`, `saiz_ptj`, `id_pegawai_ptj`, `cipta_oleh`, `cipta_pada`, `kemaskini_oleh`, `kemaskini_pada`, `id_user`) VALUES
(2, 140401, 'IPD DANG WANGI (CAMPBEL)', 'PDRM', 'IBU PEJABAT POLIS DAERAH DANG WANGI,                                        ', 'POLIS DIRAJA MALAYSIA,                                        ', 'JALAN DANG WANGI,                                        ', '50100', 'WILAYAH PERSEKUTUAN', 0, 0, '', 'Harny', '0326002222 (247', 'L', 0, '1', '0000-00-00 00:00:00', '', '2013-07-24 12:06:49', 18),
(3, 170301, 'IPD KANGAR', 'PDRM', 'IBU PEJABAT POLIS DAERAH KANGAR,', 'POLIS DIRAJA MALAYSIA,', 'PERSIARAN JUBLI EMAS', '1000', 'PERLIS.', 0, 0, '', 'Harny', '49082350', 'L', 0, '2', '0000-00-00 00:00:00', '', '2013-07-24 07:15:39', NULL),
(4, 30801, 'IPD PADANG TERAP', 'PDRM', 'IBU PEJABAT POLIS DAERAH KUALA NERANG,                                        ', 'POLIS DIRAJA MALAYSIA,                                        ', 'PADANG TERAP, JALAN TUNKU BENDAHARA,                                        ', '63002', 'KEDAH', 0, 0, '', 'Harny', '47866222', 'L', 0, '2', '0000-00-00 00:00:00', '', '2013-07-24 07:17:42', 17),
(5, 70801, 'IPD PEKAN', 'PDRM', 'IBU PEJABAT POLIS DAERAH PEKAN', 'POLIS DIRAJA MALAYSIA', 'PEKAN', '26600', 'PAHANG', 0, 0, '', 'Harny', '94221222', 'L', 0, '3', '0000-00-00 00:00:00', '', '2013-07-24 07:15:41', NULL),
(6, 310101, 'BHG KEW KEBAJIKAN PDRM', 'PDRM', 'IBU PEJABAT POLIS BUKIT AMAN', 'POLIS DIRAJA MALAYSIA', 'BAHAGIAN KEWANGAN KEBAJIKAN PDRM', '50560', 'WILAYAH PERSEKUTUAN KUALA LUMPUR.', 0, 0, '', 'Harny', '322668040', 'S', 0, '1', '0000-00-00 00:00:00', '', '2013-07-24 07:15:42', NULL),
(7, 250102, 'PUSAT BEKALAN POLIS (SMS SHAH ALAM)', 'PDRM', 'STOR MATERIAL SPESIFIK (SMS), (SPECIFIC MATERIAL STORE)', 'POLIS DIRAJA MALAYSIA', 'PERSIARAN USAHAWAN, SEKSYEN U1', '40150', 'SELANGOR', 0, 0, '', 'Harny', '378446322', 'S', 0, '2', '0000-00-00 00:00:00', '', '2013-07-24 07:15:43', NULL),
(8, 121101, 'IPD GOMBAK', 'PDRM', 'IBU PEJABAT POLIS DAERAH GOMBAK                                        ', 'POLIS DIRAJA MALAYSIA                                        ', 'BUKIT IDAMAN                                        ', '68100', 'SELANGOR', 0, 0, '', 'Harny', '361262208', 'X', 0, '3', '0000-00-00 00:00:00', '', '2013-07-24 07:16:32', 22),
(9, 11700, 'MALAYSIA MY SECOND HOME', 'JIM', 'UNIT IMIGRESEN, MM2H', 'KEMENTERIAN PELANCONGAN, TINGKAT 10, ', 'NO. 2, TOWER 1, JALAN P/6, ', '62200', 'WILAYAH PERSEKUTUAN PUTRAJAYA', 0, 0, '', 'Harny', '388917462', 'L', 0, '4', '0000-00-00 00:00:00', '', '2013-07-24 07:15:45', NULL),
(10, 50200, 'JIM RANTAU PANJANG', 'JIM', 'POS IMIGRESEN RANTAU PANJANG                                        ', 'KOMPLEKS IMIGRESEN RANTAU PANJANG                                        ', 'RANTAU PANJANG                                        ', '17200', 'WP PUTRAJAYA', 0, 0, '', 'Harny', '097950344 / 019', 'M', 0, '2', '0000-00-00 00:00:00', '', '2013-07-24 07:44:27', 14),
(11, 10600, 'JIM IBUPEJABAT (BHG PAS PENGAJIAN)', 'JIM', 'JABATAN IMIGRESEN MALAYSIA ', '(BHGN PAS PENGGAJIAN) KEMENTERIAN DALAM NEGERI, TINGKAT 1-7 (PODIUM), ', 'PUSAT PENTADBIRAN KERAJAAN PERSEKUTUAN', '62550', 'WILAYAH PERSEKUTUAN PUTRAJAYA', 0, 0, '', 'Harny', '0388801000 / 03', 'X', 0, '3', '0000-00-00 00:00:00', '', '2013-07-24 07:15:46', NULL),
(12, 70200, 'JPN BENTONG', 'JPN', 'JABATAN PENDAFTARAN NEGARA DAERAH BENTONG,                                                          ', 'KEMENTERIAN DALAM NEGERI,                                                                           ', 'P33 TAMAN BENTONG MAJU                                                                              ', '28700', 'PAHANG', 0, 0, '', 'Harny', '92221582', 'L', 0, '4', '0000-00-00 00:00:00', '', '2013-07-24 07:16:22', 21),
(13, 30700, 'JPN PADANG TERAP', 'JPN', 'JABATAN PENDAFTARAN NEGARA DAERAH PADANG TERAP,', 'NO. 66B, PEKAN RABU, ', 'JALAN SEMELIANG', '6300', 'KEDAH.', 0, 0, '', 'Harny', '47866406', 'L', 0, '4', '0000-00-00 00:00:00', '', '0000-00-00 00:00:00', NULL),
(14, 21500, 'JPN PASIR GUDANG', 'JPN', 'JABATAN PENDAFTARAN NEGARA CAWANGAN PASIR GUDANG,                                                   ', 'NO. 15 & 15A,                                                                                       ', 'JALAN SEJAMBAK 14, TAMAN BUKIT DAHLIA,                                                              ', '81700', 'JOHOR', 0, 0, '', 'Harny', '0725537185', 'L', 0, '4', '0000-00-00 00:00:00', '', '2013-07-24 07:45:06', 20),
(15, 40600, 'JPN PASIR PUTEH', 'JPN', 'JABATAN PENDAFTARAN NEGARA DAERAH PASIR PUTEH', 'KEMENTERIAN DALAM NEGERI', 'JKR 115, JALAN BESAR,', '16800', 'KELANTAN.', 0, 0, '', 'Harny', '97866286', 'L', 0, '3', '0000-00-00 00:00:00', '', '0000-00-00 00:00:00', NULL),
(16, 71000, 'JPN TEMERLOH', 'JPN', 'JABATAN PENDAFTARAN NEGARA DAERAH TEMERLOH                                        ', 'ARAS 1, BANGUNAN PERSEKUTUAN,                                        ', 'JALAN MERDEKA                                        ', '28000', 'PAHANG', 0, 0, '', 'Harny', '92961239', 'L', 0, '3', '0000-00-00 00:00:00', '', '2013-07-24 07:16:11', 30),
(17, 10200, 'PUSAT PENGURUSAN KAD PINTAR PUTRAJAYA', 'JPN', 'IBU PEJABAT JABATAN PENDAFTARAN NEGARA PUTRAJAYA,', 'KEMENTERIAN DALAM NEGERI, BAHAGIAN KEWANGAN & PEMBANGUNAN,', 'NO. 20, ARAS 8, PERSIARAN PERDANA, PUSAT PENTADBIRAN KERAJAAN PERSEKUTUAN,', '62551', 'WILAYAH PERSEKUTUAN PUTRAJAYA', 0, 0, '', 'Harny', '0388807181/3/5 ', 'S', 0, '3', '0000-00-00 00:00:00', '', '0000-00-00 00:00:00', NULL),
(18, 10700, 'JPN PUTRAJAYA(BHG PERKHIDMATAN)', 'JPN', 'IBU PEJABAT JABATAN PENDAFTARAN NEGARA PUTRAJAYA,', 'KEMENTERIAN DALAM NEGERI, BAHAGIAN KEWANGAN & PEMBANGUNAN,', 'NO. 20, ARAS 8, PERSIARAN PERDANA, PUSAT PENTADBIRAN KERAJAAN PERSEKUTUAN,', '62552', 'WILAYAH PERSEKUTUAN PUTRAJAYA', 0, 0, '', 'Harny', '0388807181/3/5 ', 'X', 0, '3', '0000-00-00 00:00:00', '', '0000-00-00 00:00:00', NULL),
(19, 20300, 'JPM POKOK SENA', 'JPM', 'JABATAN PENJARA MALAYSIA', 'PENJARA POKOK SENA,', 'KM24, JALAN NAKA,', '6400', 'KEDAH.', 0, 0, '', 'Harny', '47823879', 'M', 0, '3', '0000-00-00 00:00:00', '', '0000-00-00 00:00:00', NULL),
(20, 120100, 'JPM PENGKALAN CHEPA', 'JPM', 'JABATAN PENJARA MALAYSIA', 'PENJARA PENGKALAN CHEPA,', 'JALAN MAKTAB, ', '16109', 'KELANTAN.', 0, 0, '', 'Harny', '97715500', 'S', 0, '2', '0000-00-00 00:00:00', '', '0000-00-00 00:00:00', NULL),
(21, 50400, 'PUSAT LATIHAN RELA WILAYAH UTARA', 'RELA', 'PUSAT LATIHAN RELA WILAYAH UTARA', 'KEMENTERIAN DALAM NEGERI', 'BUKIT SELAMBAU', '8100', 'KEDAH.', 0, 0, '', 'Harny', '044191307/ 4191', 'S', 0, '2', '0000-00-00 00:00:00', '', '0000-00-00 00:00:00', NULL),
(22, 41900, 'PUSPEN BUKIT CHABANG', 'AADK', 'PUSAT SERENTI BUKIT CHABANG', '', 'KM22, JALAN PADANG BESAR (U)', '2200', 'PERLIS.', 0, 0, '', 'Harny', '049457032 / 017', 'S', 0, '1', '0000-00-00 00:00:00', '', '0000-00-00 00:00:00', NULL),
(23, 44100, 'PUSPEN SUNGAI BESI', 'AADK', 'KLINIK C&C 1MALAYSIA SUNGAI BESI', 'AGENSI ANTIDADAH KEBANGSAAN, KEMENTERIAN DALAM NEGERI ', 'BATU 7, JALAN SUNGAI BESI, ', '57100', 'WILAYAN PERSEKUTUAN KUALA LUMPUR.', 0, 0, '', 'Harny', '390562997', 'S', 0, '1', '0000-00-00 00:00:00', '', '0000-00-00 00:00:00', NULL),
(24, 140202, 'KCT KUALA LUMPUR (KCT JALAN BANDAR)', 'PDRM', 'PEJABAT KETUA TRAFIK, BALAI POLIS TRAFIK', '', 'JALAN TUN H.S LEE', '50000', 'WILAYAN PERSEKUTUAN KUALA LUMPUR.', 0, 0, '', 'Harny', '320719999', 'X', 0, '2', '0000-00-00 00:00:00', '', '0000-00-00 00:00:00', NULL),
(25, 82100, 'JPN GOPENG', 'JPN', 'JABATAN PENDAFATARAN NEGARA DAERAH GOPENG', 'BLOK D, D-01 & D-05, PUSAT TRANSFORMASI LUAR BANDAR (RTC)', 'KM16, JALAN GOPENG,', '31600', 'PERAK.', 0, 0, '', 'Harny', ' ''053572742    ', 'L', 0, '', '0000-00-00 00:00:00', '', '2013-04-07 07:01:02', NULL),
(26, 120301, 'IPD HULU LANGAT (AMPANG)', 'PDRM', 'IBU PEJABAT POLIS DAERAH AMPANG JAYA,', 'POLIS DIRAJA MALAYSIA', 'JALAN DAGANG', '68000', 'SELANGOR', 0, 0, '', 'Azizah', '342897222', 'X', 0, '', '0000-00-00 00:00:00', '', '2013-04-07 07:01:02', NULL),
(27, 120401, 'IPD HULU LANGAT (KAJANG)', 'PDRM', 'IBU PEJABAT POLIS DAERAH HULU LANGAT (KAJANG)', 'POLIS DIRAJA MALAYSIA', 'HULU LANGAT (KAJANG)', '43000', 'SELANGOR', 0, 0, '', 'Azizah', '389114222', 'L', 0, '', '0000-00-00 00:00:00', '', '2013-10-07 09:21:56', NULL),
(28, 41201, 'IPD JELI', 'PDRM', 'IBU PEJABAT POLIS DAERAH JELI', 'POLIS DIRAJA MALAYSIA', 'JELI', '17600', 'KELANTAN.', 0, 0, '', 'Azizah', '099440222 / 099', 'L', 0, '', '0000-00-00 00:00:00', '', '2013-10-07 09:22:01', NULL),
(29, 70501, 'IPD JERANTUT', 'PDRM', 'IBU PEJABAT POLIS DAERAH JERANTUT', 'POLIS DIRAJA MALAYSIA', 'JERANTUT', '27000', 'PAHANG.', 0, 0, '', 'Azizah', '92662222', 'L', 0, '', '0000-00-00 00:00:00', '', '2013-10-07 09:22:05', NULL),
(30, 80901, 'IPD KUALA KANGSAR (IPD KK)', 'PDRM', 'IBU PEJABAT POLIS DAERAH KUALA KANGSAR', 'POLIS DIRAJA MALAYSIA', ' KUALA KANGSAR', '33000', 'PERAK', 0, 0, '', 'Azizah', '57762222', 'L', 0, '', '0000-00-00 00:00:00', '', '2013-10-07 09:22:14', NULL),
(31, 40801, 'IPD PASIR PUTEH', 'PDRM', 'IBU PEJABAT POLIS DAERAH PASIR PUTEH', 'POLIS DIRAJA MALAYSIA', 'PASIR PUTEH', '16800', 'KELANTAN', 0, 0, '', 'Azizah', '97867222', 'L', 0, '', '0000-00-00 00:00:00', '', '2013-10-07 09:22:30', NULL),
(32, 70201, 'IPK PAHANG', 'PDRM', 'IBU PEJABAT POLIS KONTINJEN PAHANG', 'POLIS DIRAJA MALAYSIA', 'JALAN GAMBUT', '25990', 'PAHANG', 0, 0, '', 'Azizah', '95902222', 'S', 0, '', '0000-00-00 00:00:00', '', '2013-04-07 07:01:02', NULL),
(33, 250101, 'LOGISTIK BUKIT AMAN', 'PDRM', 'IBU PEJABAT POLIS BUKIT AMAN', 'POLIS DIRAJA MALAYSIA', 'BAHAGIAN KEWANGAN, JABATAN LOGISTIK', '50560', 'WILAYAN PERSEKUTUAN KUALA LUMPUR.', 0, 0, '', 'Azizah', '322662011', 'M', 0, '', '0000-00-00 00:00:00', '', '2013-04-07 07:01:02', NULL),
(34, 35000, 'JIM KLUANG', 'JIM', 'JABATAN IMIGRESEN MALAYSIA NEGERI JOHOR, CAWANGAN KLUANG', 'ARAS BAWAH, ', 'BANGUNAN GUNASAMA PERSEKUTUAN,', '86000', 'JOHOR', 0, 0, '', 'Azizah', '77733455', 'L', 0, '', '0000-00-00 00:00:00', '', '2013-10-07 09:22:39', NULL),
(35, 50400, 'JIM PENGKALAN KUBUR', 'JIM', 'POS IMIGRESEN PENGKALAN KUBOR', 'KOMPLEKS IMIGRESEN PENGKALAN KUBOR', ' PENGKALAN KUBOR', '16080', 'KELANTAN', 0, 0, '', 'Azizah', '97211300', 'M', 0, '', '0000-00-00 00:00:00', '', '2013-10-07 09:21:44', NULL),
(36, 90100, 'JIM PERAK (IBUPEJABAT) (JIM IPOH)', 'JIM', 'JABATAN IMIGRESEN MALAYSIA NEGERI PERAK, CAWANGAN IPOH', 'KEMENTERIAN DALAM NEGERI', 'ARAS 2-4, KOMPLEKS KDN, PERSIARAN MERU RAYA', '30020', 'PERAK.', 0, 0, '', 'Azizah', '05501 7100', 'X', 0, '', '0000-00-00 00:00:00', '', '2013-04-07 07:01:02', NULL),
(37, 71500, 'JPN DAERAH KECHIL PULAU TIOMAN', 'JPN', 'JABATAN PENDAFTARAN NEGARA,\nCAWANGAN PULAU TIOMAN', 'ARAS 1, KOMPLEKS KDN,', 'KAMPUNG TEKEK, PULAU TIOMAN,', '26800', 'PAHANG', 0, 0, '', 'Azizah', '94191020', 'S', 0, '', '0000-00-00 00:00:00', '', '0000-00-00 00:00:00', NULL),
(38, 130500, 'JPN HULU SELANGOR(JPN KKB)(JPN KUALA KUBU BARU)', 'JPN', 'JABATAN PENDAFTARAN NEGARA,\nDAERAH HULU SELANGOR,', 'KOMPLEKS PEJABAT-PEJABAT KERAJAAN', ' HULU SELANGOR,', '44000', 'KELANTAN', 0, 0, '', 'Azizah', '360641312', 'L', 0, '', '0000-00-00 00:00:00', '', '2013-10-07 09:23:36', NULL),
(39, 131600, 'JPN KOTA DAMANSARA', 'JPN', 'JABATAN PENDAFTARAN NEGARA MALAYSIA,\nCAWANGAN KOTA DAMANSARA,', 'LOT NO 38, JALAN PEKAKA 8/3,', 'SEKSYEN 8, KOTA DAMANSARA,', '47810', 'SELANGOR', 0, 0, '', 'Azizah', '361568245', 'L', 0, '', '0000-00-00 00:00:00', '', '0000-00-00 00:00:00', NULL),
(40, 130600, 'JPN KUALA LANGAT (BANTING)', 'JPN', 'JABATAN PENDAFTARAN NEGARA,\nDAERAH KUALA LANGAT,', 'NO.2 JALAN CEMPAKA SARI 3,', 'TAMAN CEMPAKA,', '42700', 'SELANGOR', 0, 0, '', 'Azizah', '331871821', 'L', 0, '', '0000-00-00 00:00:00', '', '0000-00-00 00:00:00', NULL),
(41, 70100, 'JPN PAHANG (JPN KUANTAN)', 'JPN', 'JABATAN PENDAFTARAN NEGARA MALAYSIA,\nNEGERI PAHANG,', 'ARAS BAWAH DAN ARAS SATU, KOMPLEKS KEMENTERIAN DALAM NEGERI,', 'BANDAR INDERA MAHKOTA,', '25551', 'PAHANG', 0, 0, '', 'Azizah', '95734455', 'X', 0, '', '0000-00-00 00:00:00', '', '0000-00-00 00:00:00', NULL),
(42, 30800, 'JPN PULAU LANGKAWI (JPN LANGKAWI)', 'JPN', 'JABATAN PENDAFTARAN NEGARA, DAERAH LANGKAWI,', 'ARAS 1 & 2, BLOK 2,\nKOMPLEKS KDN LANGKAWI,', 'JALAN PADANG MATSIRAT,', '7000', 'KEDAH', 0, 0, '', 'Azizah', '49666330', 'L', 0, '', '0000-00-00 00:00:00', '', '0000-00-00 00:00:00', NULL),
(43, 20600, 'JPN RENGIT', 'JPN', 'JABATAN PENDAFTARAN NEGARA MALAYSIA, DAERAH RENGIT,', 'NO 1, JALAN RENGIT INDAH,', ' RENGIT,', '83100', 'JOHOR', 0, 0, '', 'Azizah', '74241860', 'L', 0, '', '0000-00-00 00:00:00', '', '2013-10-07 09:23:43', NULL),
(44, 110600, 'PAROL JOHOR', 'JPM', 'JABATAN PENJARA MALAYSIA,', 'KEMENTERIAN DALAM NEGERI,\nPAROL NEGERI JOHOR,', 'PERSIARAN CENDERAWASIH,\nKOMPLEKS PENJARA KLUANG,', '86000', 'JOHOR', 0, 0, '', 'Azizah', '77875172', 'L', 0, '', '0000-00-00 00:00:00', '', '0000-00-00 00:00:00', NULL),
(45, 30400, 'PAROL PULAU PINANG', 'JPM', 'PEJABAT PAROL NEGERI PULAU PINANG,\n', 'JABATAN PENJARA MALAYSIA KEMENTERIAN DALAM NEGERI,', 'SUITE 2, TINGKR 14, WISMA TNB,\nJALAN ANSON,', '10250', 'PULAU PINANG', 0, 0, '', 'Azizah', '04-5858870', 'S', 0, '', '0000-00-00 00:00:00', '', '0000-00-00 00:00:00', NULL),
(46, 48600, 'PUSPEN TIANG DUA', 'AADK', 'PUSAT PEMULIHAN PENAGIHAN NARKOTIK (PUSPEN) TIANG DUA,', 'AGENSI ANTIDADAH KEBANGSAAN', 'KEMENTERIAN DALAM NEGERI', '75460', 'MELAKA', 0, 0, '', 'Azizah', '62687122', 'S', 0, '', '0000-00-00 00:00:00', '', '2013-04-07 07:01:02', NULL),
(47, 60200, 'PEJABAT PERTAHANAN AWAM KLANG (SELANGOR)', 'JPAM', 'JABATAN PERTAHANAN AWAM NEGERI SELANGOR,', '', 'NO. 139, JALAN RAYA BARAT,', '41000', 'SELANGOR.', 0, 0, '', 'Azizah', '333715921', 'S', 0, '', '0000-00-00 00:00:00', '', '2013-04-07 07:01:02', NULL),
(48, 31300, 'PEJABAT IMIGRESEN CAW. BANDAR JOHOR BAHRU', 'JIM', 'JABATAN IMIGRESEN MALAYSIAN,\nNEGERI JOHOR DARUL TA’ZIM,', 'TINGKAT 1, 2 & 8, BLOK B\nWISMA PERSEKUTUAN', 'JALAN AYER MOLEK', '80550', 'JOHOR', 0, 0, '', 'Azizah', '036081 3084', 'L', 0, '', '0000-00-00 00:00:00', '', '0000-00-00 00:00:00', NULL),
(49, 50200, 'JPN ALOR GAJAH (MASJID TANAH)', 'JPN', 'JABATAN PENDAFTARAN NEGARA MALAYSIA,\nDAERAH ALOR GAJAH,', 'TINGKAT 1, BANGUNAN TABUNG HAJI,', 'MASJID TANAH,', '78300', ' MELAKA', 0, 0, '', 'Azizah', '038768 6049', 'L', 0, '', '0000-00-00 00:00:00', '', '0000-00-00 00:00:00', NULL),
(50, 31500, 'JIM PAGOH', 'JIM', 'JABATAN IMIGRESEN MALAYSIA\nCAWANGAN PAGOH', 'NO 12 JALAN JAYA 1/5', 'TAMAN PAGOH JAYA', '84600', 'JOHOR', 0, 0, '', 'Azizah', '092665442/5443', 'S', 0, '', '0000-00-00 00:00:00', '', '0000-00-00 00:00:00', NULL),
(51, 40601, 'IPD MACHANG', 'PDRM', 'IBU PEJABAT POLIS DAERAH MACHANG', 'POLIS DIRAJA MALAYSIA', 'PAGOH', '18500', 'KELANTAN', 0, 0, '', 'CC Miza', '99751222', 'L', 0, '', '0000-00-00 00:00:00', '', '2013-10-07 09:23:57', NULL),
(52, 61001, 'IPD REMBAU', 'PDRM', 'IBU PEJABAT POLIS DAERAH REMBAU', 'POLIS DIRAJA MALAYSIA', ' REMBAU', '71300', 'NEGERI SEMBILAN', 0, 0, '', 'CC Miza', '66522222', 'L', 0, '', '0000-00-00 00:00:00', '', '2013-10-07 09:24:04', NULL),
(53, 20401, 'IPD BATU PAHAT', 'PDRM', 'IBU PEJABAT POLIS DAERAH BATU PAHAT,', 'POLIS DIRAJA MALAYSIA', 'BATU PAHAT,', '83000', 'JOHOR', 0, 0, '', 'CC Miza', '74341222', 'X', 0, '', '0000-00-00 00:00:00', '', '2013-10-07 09:24:11', NULL),
(54, 21501, 'IPD LEDANG', 'PDRM', 'IBU PEJABAT POLIS DAERAH LEDANG,', 'POLIS DIRAJA MALAYSIA', 'JALAN PAYA MAS', '84900', 'JOHOR', 0, 0, '', 'CC Miza', '07-237 3616', 'L', 0, '', '0000-00-00 00:00:00', '', '2013-04-07 07:01:02', NULL),
(55, 81701, 'IPD PERAK TENGAH (IPD PARIT)', 'PDRM', 'IBU PEJABAT POLIS DAERAH PERAK TENGAH,', 'POLIS DIRAJA MALAYSIA', 'BANDAR BARU SERI ISKANDAR', '32610', 'PERAK', 0, 0, '', 'CC Miza', '53771222', 'L', 0, '', '0000-00-00 00:00:00', '', '2013-04-07 07:01:02', NULL),
(56, 280101, 'MAKTAB KUALA KUBU BARU', 'PDRM', 'MAKTAB POLIS KUALA KUBU BARU', 'POLIS DIRAJA MALAYSIA', 'KUALA KUBU BARU', '44000', 'SELANGOR', 0, 0, '', 'CC Miza', '360641511', 'S', 0, '', '0000-00-00 00:00:00', '', '2013-10-07 09:24:28', NULL),
(57, 70301, 'IPD BENTONG', 'PDRM', 'IBU PEJABAT POLIS DAERAH BENTONG,', 'POLIS DIRAJA MALAYSIA', 'BENTONG,', '28700', 'PAHANG', 0, 0, '', 'CC Miza', '92222222', 'L', 0, '', '0000-00-00 00:00:00', '', '2013-10-07 09:24:39', NULL),
(58, 153004, 'P.G.A BN9 K.TERENGGANU', 'PDRM', 'IBU PEJABAT PASUKAN GERAKAN AM, ', ' BATALION 9 (BN9),', 'POLIS DIRAJA MALAYSIA', '21300', 'TERENGGANU', 0, 0, '', 'CC Miza', '096624288 / 296', 'S', 0, '', '0000-00-00 00:00:00', '', '2013-10-07 09:25:17', NULL),
(59, 90500, 'JIM PENGKALAN HULU', 'JIM', 'PEJABAT IMIGRESEN BUKIT BERAPIT', 'JABATAN IMIGRESEN MALAYSIA', 'KOMPLEKS IMIGRESEN BUKIT BERAPIT, JALAN BENTONG', '33100', 'PERAK', 0, 0, '', 'CC Miza', '044056014 / 405', 'L', 0, '', '0000-00-00 00:00:00', '', '2013-04-07 07:00:24', NULL),
(60, 150300, 'JIM KEMAMAN (CHUKAI)', 'JIM', 'JABATAN IMIGRESEN MALAYSIA NEGERI TERENGGANU CAWANGAN CHUKAI ', 'TINGKAT BAWAH BANGUNAN GUNASAMA PERSEKUTUAN ,JALAN MELOR   ', 'CHUKAI ', '24000', ' TERENGGANU', 0, 0, '', 'CC Miza', '99440219', 'M', 0, '', '0000-00-00 00:00:00', '', '2013-10-07 09:25:37', NULL),
(61, 140500, 'JIM LAPANGAN TERBANG SUBANG', 'JIM', 'JABATAN IMIGRESEN MALAYSIA\nNEGERI SELANGOR', 'CAWANGAN SUBANG\nLAPANGAN TERBANG ', 'SULTAN ABDUL AZIZ SHAH (LTSAAS)', '47200', 'SELANGOR.', 0, 0, '', 'CC Miza', '05528 8811 / 12', 'X', 0, '', '0000-00-00 00:00:00', '', '2013-10-07 09:26:00', NULL),
(62, 71400, 'JPN MENTAKAB', 'JPN', 'JABATAN PENDAFTARAN NEGARA MALAYSIA ', 'KEMENTERIAN DALAM NEGERI CAWANGAN MENTAKAB  ', 'NO 3 BANGUNAN UMNO JALAN ZABIDIN OFF JALAN ABDUL KADIR        ', '28400', 'PAHANG', 0, 0, '', 'CC Miza', '93687763', 'L', 0, '', '0000-00-00 00:00:00', '', '2013-10-07 09:26:26', NULL),
(63, 41100, 'JPN KETEREH', 'JPN', 'JABATAN PENDAFTARAN NEGARA MALAYSIA', 'KEMENTERIAN DALAM NEGERI CAWANGAN KETEREH        ', 'PT 2571 WISMA ATIRA KOK LANAS   ', '16450', 'KELANTAN', 0, 0, '', 'CC Miza', '97414700', 'L', 0, '', '0000-00-00 00:00:00', '', '2013-04-07 06:58:25', NULL),
(64, 81700, 'JPN SELAMA', 'JPN', 'JABATAN PENDAFTARAN NEGARA MALAYSIA', 'KEMENTERIAN DALAM NEGERI DAERAH KECIL SELAMA    ', 'NO.26 JALAN SRI PERMAI TAMAN SRI PERMAI', '34100', 'PERAK', 0, 0, '', 'CC Miza', '93239017', 'L', 0, '', '0000-00-00 00:00:00', '', '2013-04-07 06:58:31', NULL),
(65, 132000, 'JPN RAWANG', 'JPN', 'JABATAN PENDAFTARAN NEGARA MALAYSIA CAWANGAN RAWANG', 'NO.7 & 8  JALAN BANDAR RAWANG ', ' RAWANG ', '48000', 'SELANGOR', 0, 0, '', 'CC Miza', '96234199', 'L', 0, '', '0000-00-00 00:00:00', '', '2013-10-07 09:26:40', NULL),
(66, 130700, 'JPN KUALA SELANGOR', 'JPN', 'JABATAN PENDAFTARAN NEGARA MALAYSIA', 'KOMPLEKS PKNS, CAWANGAN KUALA SELANGOR, ', 'JALAN PERUSAHAAN SATU,', '45000', 'SELANGOR', 0, 0, '', 'CC Miza', '067630875/76352', 'L', 0, '', '0000-00-00 00:00:00', '', '2013-10-07 09:26:49', NULL),
(67, 20100, 'JPN JOHOR (JPN JOHOR BAHRU)', 'JPN', 'JABATAN PENDAFTARAN NEGARA NEGERI JOHOR DARUL TA''ZIM    ', 'ARAS G, 1,2&3, BLOK 2 KOMPLEKS KEMENTERIAN DALAM NEGERI ', 'TAMAN SETIA TROPIKA, KEMPAS       ', '81200', 'JOHOR ', 0, 0, '', 'CC Miza', '49764603', 'X', 0, '', '0000-00-00 00:00:00', '', '2013-10-07 09:20:58', NULL),
(68, 150100, 'JPN KUALA LUMPUR', 'JPN', 'JABATAN PENDAFTARAN NEGARA WILAYAH PERSEKUTUAN KUALA LUMPUR', 'ARAS G, KOMPLEKS KEMENTERIAN DALAM NEGERI, ', 'JALAN SRI HARTAMAS 1 OFF JALAN DUTAMAS 1  ', '50551', 'WILAYAH PERSEKUTUAN', 0, 0, '', 'CC Miza', '45386922', 'S', 0, '', '0000-00-00 00:00:00', '', '2013-10-07 09:26:57', NULL),
(69, 40400, 'JPM PUSAT PEMULIHAN AKHLAK BATU GAJAH (P.P.A. BATU', 'JPM', 'JABATAN PENJARA MALAYSIA', 'PUSAT PEMULIHAN AKHLAK', '', '31000', 'PERAK', 0, 0, '', 'CC Miza', '44076138', 'S', 0, '', '0000-00-00 00:00:00', '', '2013-04-07 07:01:02', NULL),
(70, 110500, 'JPM KLUANG', 'JPM', 'JABATAN PENJARA MALAYSIA', 'KEMENTERIAN DALAM NEGERI', 'PENJARA KLUAN, BATU 8, JALAN KLUANG, MERSING, KAMPUNG GAJAH', '86000', 'JOHOR', 0, 0, '', 'CC Miza', '77875200', 'M', 0, '', '0000-00-00 00:00:00', '', '2013-04-07 07:01:02', NULL),
(71, 260900, 'AADK PULAU PINANG', 'AADK', 'AGENSI DADAH KEBANGSAAN PULAU PINANG', 'KEMENTERIAN DALAM NEGERI', 'ARAS 5, BANGUNAN PERSEKUTUAN, JALAN ANSON', '10400', 'PUALAU PINANG', 0, 0, '', 'CC Miza', '', 'S', 0, '', '0000-00-00 00:00:00', '', '2013-04-07 07:01:02', NULL),
(72, 43400, 'PUSPEN SERENDAH', 'AADK', 'CURE & CARE REHABILITATION CENTRE (CCRC) SERENDAH', 'AGENSI ANTIDADAH KEBANGSAAN, KEMENTERIAN DALAM NEGERI', 'KM 36 OFF JALAN IPOH', '48200', 'SELANGOR', 0, 0, '', 'CC Miza', '360813084', 'S', 0, '', '0000-00-00 00:00:00', '', '2013-04-07 07:01:02', NULL),
(73, 41700, 'PUSPEN DENGKIL', 'AADK', 'KLINIK CURE & CARE 1MALAYSIA (CCRC) DENGKIL, ', 'AGENSI ANTIDADAH KEBANGSAAN, KEMENTERIAN DALAM NEGERI', 'KM 4, JALAN BANTING', '43800', 'SELANGOR', 0, 0, '', 'CC Miza', '387686049', 'S', 0, '', '0000-00-00 00:00:00', '', '2013-04-07 07:01:02', NULL),
(74, 10200, 'JIM IBUPEJABAT (BHG KEWANGAN)', 'JIM', 'KLINIK CURE & CARE 1 MALAYSIA (CCRC) JERANTUT, AGENSI ANTIDADAH KEBANGSAAN', 'KEMENTERIAN DALAM NEGERI', 'KM 4, JALAN BENTA', '27000', 'PAHANG', 0, 0, '', 'CC Miza', '092665442/5443', 'S', 0, '', '0000-00-00 00:00:00', '', '2013-04-07 07:01:02', NULL),
(75, 50100, 'RELA PUTRAJAYA (RELA IBUPEJABAT)', 'RELA', 'IBU PEJABAT PASUKAN SUKARELAWAN MALAYSIA (RELA)     ', 'KEMENTERIAN DALAM NEGERI  ', 'ARAS 7 3, BANGUNAN 3&4 26 BOULEVARD, PRESINT 3         ', '60675', ' PUTRAJAYA', 0, 0, '', 'CC Miza', '387063005', 'M', 0, '', '0000-00-00 00:00:00', '', '0000-00-00 00:00:00', NULL),
(76, 130201, 'IPK TERENGGANU', 'PDRM', 'IBU PEJABAT POLIS KONTINJEN TERENGGANU,', 'POLIS DIRAJA MALAYSIA', 'JALAN SULTAN OMAR,', '20918', 'TERENGGANU', 0, 0, '', 'Kam', '96354722', 'S', 0, '', '0000-00-00 00:00:00', '', '2013-04-07 07:01:02', NULL),
(77, 60501, 'IPD KUALA PILAH', 'PDRM', 'IBU PEJABAT POLIS DAERAH KUALA PILAH,', 'POLIS DIRAJA MALAYSIA,', '', '72000', 'NEGERI SEMBILAN.', 0, 0, '', 'Kam', '64842222', 'L', 0, '', '0000-00-00 00:00:00', '', '2013-04-07 07:01:02', NULL),
(78, 50501, 'IPD MELAKA TENGAH', 'PDRM', 'IBU PEJABAT POLIS DAERAH MELAKA TENGAH,', 'POLIS DIRAJA MALAYSIA,', '', '75561', 'MELAKA', 0, 0, '', 'Kam', '62842222', 'X', 0, '', '0000-00-00 00:00:00', '', '2013-04-07 07:01:02', NULL),
(79, 20801, 'IPD PONTIAN', 'PDRM', 'IBU PEJABAT POLIS DAERAH PONTIAN,', 'POLIS DIRAJA MALAYSIA,', '', '82000', 'JOHOR', 0, 0, '', 'Kam', '76871222', 'L', 0, '', '0000-00-00 00:00:00', '', '2013-04-07 07:01:02', NULL),
(80, 60601, 'IPD PORT DICKSON', 'PDRM', 'IBU PEJABAT POLIS DAERAH PORT DICKSON,', 'POLIS DIRAJA MALAYSIA,', '', '71000', 'NEGERI SEMBILAN', 0, 0, '', 'Kam', '066472222 / 066', 'L', 0, '', '0000-00-00 00:00:00', '', '2013-04-07 07:01:02', NULL),
(81, 81501, 'IPD BATANG PADANG (IPD TAPAH)', 'PDRM', 'IBU PEJABAT POLIS DAERAH TAPAH,', 'POLIS DIRAJA MALAYSIA,', '', '35000', 'PERAK', 0, 0, '', 'Kam', '54011222', 'L', 0, '', '0000-00-00 00:00:00', '', '2013-04-07 07:01:02', NULL),
(82, 153002, 'P.G.A. BN 7 KUANTAN', 'PDRM', 'IBU PEJABAT PASUKAN GERAKAN AM, BATALION 7 (BN7)', 'POLIS DIRAJA MALAYSIA,', '', '25990', 'PAHANG', 0, 0, '', 'Kam', '95657605', 'S', 0, '', '0000-00-00 00:00:00', '', '2013-04-07 07:01:02', NULL),
(83, 50100, 'JIM GUA MUSANG', 'JIM', 'JABATAN IMIGRESEN MALAYSIA\nNEGERI KELANTAN', 'CAWANGAN GUA MUSANG\nNO.PT.9399 TAMAN TITIWANGSA', '', '18300', 'KELANTAN', 0, 0, '', 'Kam', '044056014 / 405', 'M', 0, '', '0000-00-00 00:00:00', '', '2013-04-07 07:01:02', NULL),
(84, 90200, 'JIM LUMUT (JIM MANJUNG)', 'JIM', 'JABATAN IMIGRESEN MALAYSIA\nCAWANGAN LUMUT', '', '', '32040', 'PERAK', 0, 0, '', 'Kam', '99440219', 'L', 0, '', '0000-00-00 00:00:00', '', '2013-04-07 07:01:02', NULL),
(85, 60100, 'JIM MELAKA (IBUPEJABAT)', 'JIM', 'JABATAN IMIGRESEN MALAYSIA\nNEGERI MELAKA', 'ARAS 1-3, BLOK PENTADBIRAN\nKOMPLEKS KEMENTERIAN DALAM NEGERI', 'JALAN SERI NEGERI HANG TUAH JAYA', '75450', 'MELAKA', 0, 0, '', 'Kam', '05528 8811 / 12', 'X', 0, '', '0000-00-00 00:00:00', '', '2013-04-07 07:01:02', NULL),
(86, 50500, 'JIM BUKIT BUNGA', 'JIM', 'JABATAN IMIGRESEN MALAYSIA', 'POS IMIGRESEN BUKIT BUNGA\nKOMPLEKS IMIGRESEN BUKIT BUNGA', '', '17700', 'KELANTAN', 0, 0, '', 'Kam', '09''3687763', 'S', 0, '', '0000-00-00 00:00:00', '', '2013-04-07 07:01:02', NULL),
(87, 140500, 'JPN KEMAMAN', 'JPN', 'JABATAN PENDAFTARAN NEGARA\nDAERAH KEMAMAN', 'ARAS BAWAH, BANGUNAN PERSEKUTUAN', '', '24000', 'TERENGGANU', 0, 0, '', 'Kam', '97414700', 'L', 0, '', '0000-00-00 00:00:00', '', '2013-04-07 07:01:02', NULL),
(88, 100400, 'JPN S.PERAI UTARA (JPN BUTTERWORTH)', 'JPN', 'JABATAN PENDAFTARAN NEGARA MALAYSIA', 'KEMENTERIAN DALAM NEGERI\nDAERAH SEBERANG PERAI UTARA', 'ARAS 2, WISMA SURIA\nJALAN KAMPUNG GAJAH', '12200', 'PULAU PINANG', 0, 0, '', 'Kam', '93239017', 'L', 0, '', '0000-00-00 00:00:00', '', '2013-04-07 07:01:02', NULL),
(89, 71100, 'JPN BERA', 'JPN', 'JABATAN PENDAFTARAN NEGARA MALAYSIA\nDAERAH BERA', 'KEMENTERIAN DALAM NEGERI', 'NO.39 & 41 JALAN JATI 1\nTAMAN JATI', '28200', 'PAHANG', 0, 0, '', 'Kam', '96234199', 'L', 0, '', '0000-00-00 00:00:00', '', '2013-04-07 07:01:02', NULL),
(90, 80400, 'JPN TAPAH', 'JPN', 'JABATAN PENDAFTARAN NEGARA MALAYSIA\nDAERAH BATANG PANDANG', 'LOT 361 & 362, TINGKAT 1\nBANGUNAN KOPERASI PEMBANGUNAN DAERAH\nJALAN RAJA,', '', '35000', 'PERAK', 0, 0, '', 'Kam', '067630875/76352', 'L', 0, '', '0000-00-00 00:00:00', '', '2013-04-07 07:01:02', NULL),
(91, 70300, 'JPN CAMERON HIGHLAND', 'JPN', 'JABATAN PENDAFTARAN NEGARA MALAYSIA\nDAERAH CAMERON HIGHLAND', 'KEMENTERIAN DALAM NEGERI', 'NO.75 A PERSIARAN CAMELLIA 4\nBANDAR BARU JUTA VILLA\nTANAH RATA', '39000', 'PAHANG', 0, 0, '', 'Kam', '49764603', 'L', 0, '', '0000-00-00 00:00:00', '', '2013-04-07 07:01:02', NULL),
(92, 140100, 'JPN TERENGGANU (JPN K.TERENGGANU) (JPN KUALA TEREN', 'JPN', 'JABATAN PENDAFTARAN NEGARA  \nKUALA TERENGGANU', 'TINGKAT 2, WISMA PERSEKUTUAN', '', '20551', 'TERENGGANU', 0, 0, '', 'Kam', '45386922', 'X', 0, '', '0000-00-00 00:00:00', '', '2013-04-07 07:01:02', NULL),
(93, 21600, 'JPN BANDAR PENAWAR', 'JPN', 'JABATAN PENDAFTARAN NEGARA\nBANDAR PENAWAR', 'ARAS 3, BANGUNAN KEJORA,\nJALAN DATO'' ONN', 'BANDAR PENAWAR', '81900', ' JOHOR', 0, 0, '', 'Kam', '44076138', 'L', 0, '', '0000-00-00 00:00:00', '', '2013-04-07 07:01:02', NULL),
(94, 30100, 'JPM PULAU PINANG', 'JPM', 'JABATAN PENJARA MALAYSIA', 'PENJARA REMAN PULAU PINANG', 'JALAN GOAL', '10990', 'PULAU PINANG', 0, 0, '', 'Kam', '93697455', 'S', 0, '', '0000-00-00 00:00:00', '', '2013-04-07 07:01:02', NULL),
(95, 120300, 'PUSAT PEMULIHAN AKHLAK MACHANG', 'JPM', 'JABATAN PENJARA MALAYSIA', 'KEMENTERIAN DALAM NEGERI\nPUSAT PEMULIHAN AKHLAK MACHANG', 'LEBUHRAYA MACHANG- TANAH MERAH', '18500', 'KELANTAN', 0, 0, '', 'Kam', '99762800', 'M', 0, '', '0000-00-00 00:00:00', '', '2013-04-07 07:01:02', NULL),
(96, 41200, 'PUSPEN JERANTUT', 'AADK', 'KLINIK CURE & CARE 1MALAYSIA (CCRC) JERANTUT, ', 'AGENSI ANTIDADAH KEBANGSAAN, KEMENTERIAN DALAM NEGERI', 'KM 4, JALAN BENTA', '27000', 'PAHANG', 0, 0, '', 'Kam', '092665442 / 544', 'S', 0, '', '0000-00-00 00:00:00', '', '2013-04-07 07:01:02', NULL),
(97, 10200, 'BHG AKAUN, KDN', 'KDN', 'KEMENTERIAN DALAM NEGERI', 'BAHAGIAN AKAUN, ARAS 8, BLOK D1, KOMPLEKS D,', 'PUSAT PENTADBIRAN KERAJAAN PERSEKUTUAN', '62546', 'PUTRAJAYA', 0, 0, '', 'Kam', '388868482', 'S', 0, '', '0000-00-00 00:00:00', '', '2013-04-07 07:01:02', NULL),
(98, 43500, 'PUSPEN SEPANG', 'AADK', 'INSTITUT KEMAHIRAN DAN LATIHAN AADK SEPANG (IKHLAS), ', 'AGENSI ANTIDADAH KEBANGSAAN, KEMENTERIAN DALAM NEGERI', 'JALAN WARISAN INDAH, KOTA WARISAN', '43900', 'SELANGOR', 0, 0, '', 'Kam', '387063005', 'S', 0, '', '0000-00-00 00:00:00', '', '2013-04-07 07:01:02', NULL),
(99, 20501, 'IPD KLUANG', 'PDRM', 'IBU PEJABAT POLIS DAERAH KLUANG,', 'POLIS DIRAJA MALAYSIA,', '', '86000', 'JOHOR', 0, 0, '', 'Kam', '77722222', 'X', 0, '', '0000-00-00 00:00:00', '', '2013-04-07 07:01:02', NULL),
(100, 61101, 'IPD NILAI', 'PDRM', 'IBU PEJABAT POLIS DAERAH NILAI,', 'POLIS DIRAJA MALAYSIA,', '', '71800', 'NEGERI SEMBILAN', 0, 0, '', 'Kam', '67583222', 'L', 0, '', '0000-00-00 00:00:00', '', '2013-04-07 07:01:02', NULL),
(101, 151004, 'P.G.A. BN 18 PENGKALAN HULU', 'PDRM', 'IBU PEJABAT PASUKAN GERAKAN AM, BATALION 18,', 'POLIS DIRAJA MALAYSIA,', '', '33100', 'PERAK', 0, 0, '', 'Hilda', '044778263 / 044', 'S', 0, '', '0000-00-00 00:00:00', '', '2013-04-07 07:01:02', NULL),
(102, 80201, 'IPK PERAK', 'PDRM', 'IBU PEJABAT POLIS KONTINJEN PERAK,', 'POLIS DIRAJA MALAYSIA,', 'JABATAN LOGISTIK-KEWANGAN,', '30000', 'PERAK.', 0, 0, '', 'Hilda', '52451222', 'L', 0, '', '0000-00-00 00:00:00', '', '2013-04-07 07:01:02', NULL),
(103, 220101, 'JABATAN SIASATAN JENAYAH', 'PDRM', 'JABATAN SIASATAN JENAYAH BUKIT AMAN,', 'PUSAT PENDAFTARAN PENJENAYAH MALAYSIA DAN SINGAPURA,', 'PETI SURAT 10248,', '50708', 'WILAYAH PERSEKUTUAN KUALA LUMPUR.', 0, 0, '', 'Hilda', '322666045', 'M', 0, '', '0000-00-00 00:00:00', '', '2013-04-07 07:01:02', NULL),
(104, 130901, 'IPD HULU TERENGGANU (K.BERANG)', 'PDRM', 'IBU PEJABAT POLIS DAERAH HULU TERENGGANU,', 'POLIS DIRAJA MALAYSIA,', '', '21700', 'TERENGGANU.', 0, 0, '', 'Hilda', '96811222', 'L', 0, '', '0000-00-00 00:00:00', '', '2013-04-07 07:01:02', NULL),
(105, 90401, 'IPD SEBERANG PERAI TENGAH (IPD BUKIT MERTAJAM)', 'PDRM', 'IBU PEJABAT POLIS DAERAH SEBERANG PERAI TENGAH,', 'POLIS DIRAJA MALAYSIA,', '', '14000', 'PULAU PINANG.', 0, 0, '', 'Hilda', '45382222', 'X', 0, '', '0000-00-00 00:00:00', '', '2013-04-07 07:01:02', NULL),
(106, 90501, 'IPD SEBERANG PERAI UTARA (IPD BUTTERWORTH) (SPU)', 'PDRM', 'IBU PEJABAT POLIS DAERAH SEBERANG PERAI UTARA,', 'POLIS DIRAJA MALAYSIA,', '', '13200', 'PULAU PINANG.', 0, 0, '', 'Hilda', '45762222', 'L', 0, '', '0000-00-00 00:00:00', '', '2013-04-07 07:01:02', NULL),
(107, 80401, 'IPD HULU PERAK (IPD GERIK)', 'PDRM', 'IBU PEJABAT POLIS DAERAH GERIK,', 'POLIS DIRAJA MALAYSIA,', '', '33300', 'PERAK.', 0, 0, '', 'Hilda', '057912222 / 057', 'L', 0, '', '0000-00-00 00:00:00', '', '2013-04-07 07:01:02', NULL),
(108, 50401, 'IPD JASIN', 'PDRM', 'IBU PEJABAT POLIS DAERAH JASIN,', 'POLIS DIRAJA MALAYSIA,', '', '77000', 'MELAKA.', 0, 0, '', 'Hilda', '65292222', 'L', 0, '', '0000-00-00 00:00:00', '', '2013-04-07 07:01:02', NULL),
(109, 37000, 'JIM SENAI', 'JIM', 'PEJABAT IMIGRESEN ', 'LAPANGAN TERBANG ANTARABANGSA SENAI', '', '81250', 'JOHOR.', 0, 0, '', 'Hilda', '75991055', 'S', 0, '', '0000-00-00 00:00:00', '', '2013-04-07 07:01:02', NULL),
(110, 50100, 'JIM KELANTAN (IBUPEJABAT)', 'JIM', 'JABATAN IMIGRESEN MALAYSIA NEGERI KELANTAN, ', 'ARAS 2, WISMA PERSEKUTUAN', 'JALAN BAYAM', '15550', 'KELANTAN', 0, 0, '', 'Hilda', '97482644', 'X', 0, '', '0000-00-00 00:00:00', '', '2013-04-07 07:01:02', NULL),
(111, 21100, 'JPN SEGAMAT', 'JPN', 'JABATAN PENDAFTARAN NEGARA MALAYSIA\nDAERAH SEGAMAT,', 'NO. 15 & 16, JALAN ISMAIL,', '', '85000', 'JOHOR', 0, 0, '', 'Hilda', '79312148', 'L', 0, '', '0000-00-00 00:00:00', '', '2013-04-07 07:01:02', NULL),
(112, 50300, 'JPN JASIN', 'JPN', 'JABATAN PENDAFTARAN NEGARA,\nDAERAH JASIN,', 'JA 9949 TINGKAT BAWAH,', 'BANDAR BARU JASIN III,', '77000', 'MELAKA', 0, 0, '', 'Hilda', '652902005', 'L', 0, '', '0000-00-00 00:00:00', '', '2013-04-07 07:01:02', NULL),
(113, 81200, 'JPN KINTA (JPN BATU GAJAH)', 'JPN', 'JABATAN PENDAFTARAN NEGARA MALAYSIA\nDAERAH KINTA (BATU GAJAH),', 'BLOK C, TINGKAT 1,KOMPLEKS PENTADBIRAN DAERAH KINTA,\nJALAN CHANGKAT,', '', '31000', 'PERAK', 0, 0, '', 'Hilda', '53661904', 'L', 0, '', '0000-00-00 00:00:00', '', '2013-04-07 07:01:02', NULL),
(114, 82000, 'JPN KAMUNTING', 'JPN', 'JABATAN PENDAFTARAN NEGARA MALAYSIA\nCAWANGAN KAMUNTING,', 'NO. 7, JALAN MEDAN KAMUNTING JAYA,', '', '34600', 'PERAK', 0, 0, '', 'Hilda', '58916653', 'L', 0, '', '0000-00-00 00:00:00', '', '2013-04-07 07:01:02', NULL),
(115, 60200, 'JPN JELEBU', 'JPN', 'JABATAN PENDAFTARAN NEGARA MALAYSIA', 'KEMENTERIAN DALAM NEGERI\nDAERAH JELEBU', 'LOT 2036, JALAN PERTANG', '71600', 'NEGERI SEMBILAN ', 0, 0, '', 'Hilda', '66136693', 'L', 0, '', '0000-00-00 00:00:00', '', '2013-04-07 07:01:02', NULL),
(116, 140700, 'JPN SETIU', 'JPN', 'JABATAN PENDAFTARAN NEGARA\nDAERAH SETIU', 'BANGUNAN PENDAFTARAN', '', '22100', 'TERENGGANU', 0, 0, '', 'Hilda', '96092082', 'L', 0, '', '0000-00-00 00:00:00', '', '2013-04-07 07:01:02', NULL),
(117, 130400, 'JPN GOMBAK', 'JPN', 'JABATAN PENDAFTARAN NEGARA MALAYSIA\nDAERAH GOMBAK,', 'NO.G7-G10 KOMPLEKS ISLAM,\nJALAN BATU CAVES,', '', '68100', 'SELANGOR', 0, 0, '', 'Hilda', '361880362', 'X', 0, '', '0000-00-00 00:00:00', '', '2013-04-07 07:01:02', NULL),
(118, 60100, 'JPM PENJARA PUSAT (KAJANG)', 'JPM', 'JABATAN PENJARA MALAYSIA', 'PENJARA WANITA KAJANG', 'SUNGAI JELOK', '43000', 'SELANGOR', 0, 0, '', 'Hilda', '0387341025 / 12', 'M', 0, '', '0000-00-00 00:00:00', '', '2013-04-07 07:01:02', NULL),
(119, 40200, 'JPM TEMPAT TAHANAN PERLINDUNGAN WANITA', 'JPM', 'JABATAN PENJARA MALAYSIA', 'TEMPAT TAHANAN PERLINDUNGAN\nBATU 4, KAMUNTING,', '', '34009', 'PERAK', 0, 0, '', 'Hilda', '58830626', 'S', 0, '', '0000-00-00 00:00:00', '', '2013-04-07 07:01:02', NULL),
(120, 61300, 'BHG KAWALAN FILEM CAWANGAN MELAKA', 'KDN', 'BAHAGIAN KAWALAN PENAPISAN FILEM DAN PENGUATKUASAAN', 'CAWANGAN MELAKA', 'KEMENTERIAN DALAM NEGERI, ARAS 3, BLOK PENTADBIRAN KOMPLEKS KDN, JALAN SERI NEGERI AYER KEROH', '75450', 'MELAKA', 0, 0, '', 'Hilda', '06232 6069', 'S', 0, '', '0000-00-00 00:00:00', '', '2013-04-07 07:01:02', NULL),
(121, 40100, 'AADK IBUPEJABAT, PUTRAJAYA', 'AADK', 'IBU PEJABAT AGENSI ANTIDADAH KEBANGSAAN MALAYSIA', 'KEMENTERIAN DALAM NEGERI', 'JALAN MAKTAB PERGURUAN ISLAM', '43000', 'SELANGOR', 0, 0, '', 'Hilda', '389112264', 'S', 0, '', '0000-00-00 00:00:00', '', '2013-04-07 07:01:02', NULL),
(122, 10200, 'JABATAN PERTAHANAN AWAM (JPAM IBUPEJABAT JPAM)', 'JPAM', 'IBU PEJABAT JABATAN PERTAHANAN AWAM,', 'KEMENTERIAN DALAM NEGERI', 'JALAN PADANG TEMBAK,', '50556', 'WILAYAH PERSEKUTUAN KUALA LUMPUR.', 0, 0, '', 'Hilda', '326925533', 'S', 0, '', '0000-00-00 00:00:00', '', '2013-04-07 07:01:02', NULL),
(123, 31400, 'JIM KULAI JAYA', 'JIM', 'AGENSI ANTIDADAH KEBANGSAAN, NEGERI JOHOR', '', 'BLOK 5, KOMPLEKS KEMENTERIAN DALAM NEGERI, TAMAN SETIA TROPIKA, KEMPAS', '81200', 'JOHOR', 0, 0, '', 'Hilda', '07237 3616', 'XL', 0, '', '0000-00-00 00:00:00', '', '2013-04-07 07:01:02', NULL),
(124, 60301, 'IPD JEMPOL', 'PDRM', 'IBU PEJABAT POLIS DAERAH JEMPOL,', 'POLIS DIRAJA MALAYSIA,', '', '72120', 'NEGERI SEMBILAN.', 0, 0, '', 'Hilda', '64582222', 'L', 0, '', '0000-00-00 00:00:00', '', '2013-04-07 07:01:02', NULL),
(125, 130300, 'PAROL TERENGGANU', 'JPM', 'PUSAT PEMULIHAN PENAGIHAN NARKOTIK,', 'AGENSI ANTIDADAH KEBANGSAAN', 'JALAN SENGKANG, BUKIT GAMBIR', '84800', 'JOHOR', 0, 0, '', 'Hilda', '79535062', 'S', 0, '', '0000-00-00 00:00:00', '', '2013-04-07 07:01:02', NULL),
(126, 151003, 'P.G.A. BN 2 KULIM', 'PDRM', 'IBU PEJABAT PASUKAN GERAKAN AM, BATALION 2,', 'POLIS DIRAJA MALAYSIA,', 'KM5, JALAN JUNJONG,', '9000', 'KEDAH.', 0, 0, '', 'Suria', '044903255 / 326', 'S', 0, '', '0000-00-00 00:00:00', '', '2013-04-07 07:01:02', NULL),
(127, 120201, 'IPK SELANGOR', 'PDRM', 'IBU PEJABAT POLIS KONTINJEN SELANGOR,', 'POLIS DIRAJA MALAYSIA,', 'JABATAN LOGISTIK,', '40912', 'SELANGOR.', 0, 0, '', 'Suria', '35514222', 'M', 0, '', '0000-00-00 00:00:00', '', '2013-04-07 07:01:02', NULL),
(128, 40901, 'IPD TANAH MERAH', 'PDRM', 'IBU PEJABAT POLIS DAERAH TANAH MERAH,', 'POLIS DIRAJA MALAYSIA,', '', '17500', 'KELANTAN.', 0, 0, '', 'Suria', '099556222/223', 'L', 0, '', '0000-00-00 00:00:00', '', '2013-04-07 07:01:02', NULL),
(129, 21201, 'IPD NUSAJAYA', 'PDRM', 'IBU PEJABAT POLIS DAERAH NUSAJAYA,', 'POLIS DIRAJA MALAYSIA,', '', '81300', 'JOHOR.', 0, 0, '', 'Suria', '075114222/6221', 'L', 0, '', '0000-00-00 00:00:00', '', '2013-04-07 07:01:02', NULL),
(130, 80301, 'IPD KINTA (IPD BATU GAJAH)', 'PDRM', 'IBU PEJABAT POLIS DAERAH BATU GAJAH,', 'POLIS DIRAJA MALAYSIA,', '', '31000', 'PERAK.', 0, 0, '', 'Suria', '53629222', 'L', 0, '', '0000-00-00 00:00:00', '', '2013-04-07 07:01:02', NULL),
(131, 120501, 'IPD KLANG SELATAN', 'PDRM', 'IBU PEJABAT POLIS DAERAH KLANG SELATAN,', 'POLIS DIRAJA MALAYSIA,', '', '41560', 'SELANGOR.', 0, 0, '', 'Suria', '333762222', 'X', 0, '', '0000-00-00 00:00:00', '', '2013-04-07 07:01:02', NULL),
(132, 90301, 'IPD BARAT DAYA (IPD BALIK PULAU)', 'PDRM', 'IBU PEJABAT POLIS DAERAH BALIK PULAU,', 'POLIS DIRAJA MALAYSIA,', '', '11000', 'PULAU PINANG.', 0, 0, '', 'Suria', '48662222', 'L', 0, '', '0000-00-00 00:00:00', '', '2013-04-07 07:01:02', NULL),
(133, 10900, 'JIM IBUPEJABAT (BHG PEKERJA ASING)', 'JIM', 'JABATAN IMIGRESEN MALAYSIA\n', '(BAHAGIAN PEKERJA ASING)              NO.15 TINGKAT 1-7 (PODIUM)', 'PERSIARAN PERDANA, PRESINT 2,', '62550', 'PUTRAJAYA', 0, 0, '', 'Suria', '93239017', 'X', 0, '', '0000-00-00 00:00:00', '', '2013-04-07 07:01:02', NULL),
(134, 40200, 'JIM SUNGAI PETANI (JIM KUALA MUDA)', 'JIM', 'JABATAN IMIGRESEN MALAYSIA, NEGERI KEDAH DARUL AMAN,', 'CAWANGAN SUNGAI PETANI\nTINGKAT 2, WISMA KELADI, ', '', '8000', 'KEDAH', 0, 0, '', 'Suria', '96234199', 'L', 0, '', '0000-00-00 00:00:00', '', '2013-04-07 07:01:02', NULL),
(135, 100300, 'JIM WANG KLIAN', 'JIM', 'JABATAN IMIGRESEN MALAYSIA NEGERI PERLIS', 'POS IMIGRESEN WANG KELIAN', '', '2200', 'PERLIS', 0, 0, '', 'Suria', '067630875/76352', 'S', 0, '', '0000-00-00 00:00:00', '', '2013-04-07 07:01:02', NULL),
(136, 36000, 'JIM CAW PEKAN RABU', 'JIM', 'JABATAN IMIGRESEN MALAYSIA\nNEGERI JOHOR DARUL TA’ZIM', 'CAWANGAN TAMPOI (BAHAGIAN PASPORT)', 'KOMPLEKS PEKAN RABU,', '81200', 'JOHOR', 0, 0, '', 'Suria', '49764603', 'X', 0, '', '0000-00-00 00:00:00', '', '2013-04-07 07:01:02', NULL),
(137, 40200, 'JPN BACHOK', 'JPN', 'JABATAN PENDAFTARAN NEGARA DAERAH BACHOK', 'LOT JKR 1026, KG.TELOK,', '', '16300', 'KELANTAN', 0, 0, '', 'Suria', '45386922', 'L', 0, '', '0000-00-00 00:00:00', '', '2013-04-07 07:01:02', NULL),
(138, 60700, 'JPN TAMPIN', 'JPN', 'JABATAN PENDAFTARAN NEGARA DAERAH TAMPIN', 'LOT A1-7 & A1-8, BLOK A, TINGKAT 1, TAMPIN SQUARE, JALAN BESAR, ', '', '73000', 'NEGERI SEMBILAN', 0, 0, '', 'Suria', '44076138', 'L', 0, '', '0000-00-00 00:00:00', '', '2013-04-07 07:01:02', NULL),
(139, 60900, 'JPN SENAWANG', 'JPN', 'JABATAN PANDAFTARAN NEGARA \nCAWANGAN SENAWANG', 'NO. 13, JALAN TAMAN KOMERSIL SENAWANG 8,\n', 'TAMAN KOMESRSIL SENAWANG,', '70450', 'NEGERI SEMBILAN', 0, 0, '', 'Suria', '93697455', 'L', 0, '', '0000-00-00 00:00:00', '', '2013-04-07 07:01:02', NULL),
(140, 100700, 'JPN BAYAN BARU', 'JPN', 'JABATAN PENDAFTARAN NEGARA CAWANGAN BAYAN BARU.', 'NO. 2A, TINGKAT KENARI 6, DESA RIA,', '', '11960', 'PULAU PINANG', 0, 0, '', 'Suria', '320264627', 'L', 0, '', '0000-00-00 00:00:00', '', '2013-04-07 07:01:02', NULL),
(141, 131200, 'JPN HULU LANGAT (JPN KAJANG)', 'JPN', 'JABATAN PANDAFTARAN NEGARA DAERAH HULU LANGAT,', 'TINGKAT 3, KOMPLEKS PERHENTIAN KAJANG, JALAN REKO', '', '43000', 'SELANGOR', 0, 0, '', 'Suria', '44207881', 'X', 0, '', '0000-00-00 00:00:00', '', '2013-04-07 07:01:02', NULL),
(142, 30300, 'JPN BANDAR BHARU', 'JPN', 'JABATAN PENDAFTARAN NEGARA DAERAH BANDAR BAHARU', 'NO. 3A, KOMPLEKS SRI TASIK, ', '', '9800', 'KEDAH', 0, 0, '', 'Suria', '055911686/87', 'L', 0, '', '0000-00-00 00:00:00', '', '2013-04-07 07:01:02', NULL),
(143, 60300, 'JPM WANITA (PENJARA WANITA KAJANG)', 'JPM', 'JABATAN PENJARA MALAYSIA', 'PENJARA WANITA KAJANG', 'SUNGAI JELOK', '43000', 'SELANGOR', 0, 0, '', 'Suria', '387341025', 'M', 0, '', '0000-00-00 00:00:00', '', '2013-04-07 07:01:02', NULL),
(144, 100100, 'JPM S.H.G. TELOK MAS (MELAKA)', 'JPM', 'PEJABAT SEKOLAH HENRY GURNEY', 'JABATAN PENJARA MALAYSIA', 'KM10, KARUNG BERKUNCI 1019, ', '75990', 'MELAKA', 0, 0, '', 'Suria', '092312054/2056', 'S', 0, '', '0000-00-00 00:00:00', '', '2013-04-07 07:01:02', NULL),
(145, 260400, 'AADK MELAKA', 'AADK', 'AGENSI ANTIDADAH KEBANGSAAN, NEGERI MELAKA', 'KOMPLEKS KEMENTERIAN DALAM NEGERI', 'ARAS 2, BLOK PENTADBIRAN, AYER KEROH, HANG TUAH JAYA', '75450', 'MELAKA', 0, 0, '', 'Suria', '062322602 / 062', 'S', 0, '', '0000-00-00 00:00:00', '', '2013-04-07 07:01:02', NULL),
(146, 30100, 'UPP PERLIS', 'KDN', 'UNIT PENCEGAH PENYELUDUPAN NEGERI PERLIS', '', 'TINGKAT 5, BANGUNAN PERSEKUTUAN ', '10100', 'PERLIS', 0, 0, '', 'Suria', '49775555', 'S', 0, '', '0000-00-00 00:00:00', '', '2013-04-07 07:01:02', NULL),
(147, 60600, 'BHG KAWALAN FILEM CAWANGAN PAHANG', 'KDN', 'BAHAGIAN KAWALAN PENAPISAN FILEM DAN PENGUATKUASAAN', 'CAWANGAN PAHANG', 'ARAS 2, KOMPLEKS KDN, BANDAR INDERA MAHKOTA', '25200', 'PAHANG', 0, 0, '', 'Suria', '95735745', 'L', 0, '', '0000-00-00 00:00:00', '', '2013-04-07 07:01:02', NULL),
(148, 60100, 'JPAM WILAYAH PERSEKUTUAN', 'JPAM', 'JABATAN PERTAHANAN AWAM WILAYAH PERSEKUTUAN,', '', 'ARAS 4, KOMPLEKS KDN WILAYAH PERSEKUTUAN KUALA LUMPUR,', '50480', 'WILAYAH PERSEKUTUAN KUALA LUMPUR.', 0, 0, '', 'Suria', '362010503', 'S', 0, '', '0000-00-00 00:00:00', '', '2013-04-07 07:01:02', NULL),
(149, 81400, 'JPN KUALA KANGSAR', 'JPN', 'JABATAN PENDAFTARAN NEGARA DAERAH KUALA KANGSAR,', '', 'NO. 46 & 47, JALAN IDRIS, TAMAN IDRIS', '33000', 'PERAK', 0, 0, '', 'Suria', '57761166', 'L', 0, '', '0000-00-00 00:00:00', '', '2013-04-07 07:01:02', NULL),
(150, 140207, 'AUTOMATED TELLER MACHINE (ATM) CAW TRAFIK BUKIT AM', 'PDRM', 'CAWANGAN TRAFIK BUKIT AMAN, AUTOMATED TELLER MACHINE (ATM), ', 'POLIS DIRAJA MALAYSIA,', '', '50560', 'WILAYAH PERSEKUTUAN KUALA LUMPUR.', 0, 0, '', 'Suria', '322663376', 'S', 0, '', '0000-00-00 00:00:00', '', '2013-04-07 07:01:02', NULL),
(151, 100500, 'PAROL MELAKA', 'JPM', 'PEJABAT PAROL DAN PERKHIDMATAN KOMUNITI NEGERI MELAKA, ', 'JABATAN PENJARA MALAYSIA', 'ARAS 1, WISMA PERSEKUTUAN\nJALAN BUSSINESS CITY, MITC\nHANG TUAH JAYA,', '75450', 'MELAKA', 0, 0, '', 'Azlin', '97781101', 'S', 0, '', '0000-00-00 00:00:00', '', '2013-04-07 07:01:02', NULL),
(152, 60201, 'IPK N.SEMBILAN', 'PDRM', 'IBU PEJABAT POLIS KONTINJEN NEGERI SEMBILAN', 'POLIS DIRAJA MALAYSIA', 'CAWANGAN LOGISTIK-KEWANGAN, JALAN CAMPBELL', '70710', 'NEGERI SEMBILAN', 0, 0, '', 'Azlin', '67982476', 'S', 0, '', '0000-00-00 00:00:00', '', '2013-04-07 07:01:02', NULL),
(153, 90201, 'IPK PULAU PINANG', 'PDRM', 'IBU PEJABAT POLIS KONTINJEN PULAU PINANG', 'POLIS DIRAJA MALAYSIA', 'BAHAGIAN LOGISTIK KEWANGAN, JALAN PENANG', '10760', 'PULAU PINANG', 0, 0, '', 'Azlin', '42221522', 'M', 0, '', '0000-00-00 00:00:00', '', '2013-04-07 07:01:02', NULL),
(154, 121501, 'IPD SUBANG JAYA', 'PDRM', 'IBU PEJABAT POLIS DAERAH SUBANG JAYA', 'POLIS DIRAJA MALAYSIA', 'PERSIARAN KEWAJIPAN, USJ 8', '47610', 'SELANGOR', 0, 0, '', 'Azlin', '378627044', 'L', 0, '', '0000-00-00 00:00:00', '', '2013-04-07 07:01:02', NULL),
(155, 30901, 'IPD KULIM', 'PDRM', 'IBU PEJABAT POLIS DAERAH KULIM', 'POLIS DIRAJA MALAYSIA', 'JALAN RAYA KULIM', '9000', 'KEDAH.', 0, 0, '', 'Azlin', '44906222', 'L', 0, '', '0000-00-00 00:00:00', '', '2013-04-07 07:01:02', NULL),
(156, 41101, 'IPD BACHOK', 'PDRM', 'IBU PEJABAT POLIS DAERAH BACHOK', 'POLIS DIRAJA MALAYSIA', '', '16300', 'KELANTAN', 0, 0, '', 'Azlin', '97788222', 'L', 0, '', '0000-00-00 00:00:00', '', '2013-04-07 07:01:02', NULL),
(157, 31501, 'IPD PENDANG', 'PDRM', 'IBU PEJABAT POLIS DAERAH PENDANG', 'POLIS DIRAJA MALAYSIA', 'JALAN PEKAN PENDANG', '6700', 'KEDAH.', 0, 0, '', 'Azlin', '47596222', 'L', 0, '', '0000-00-00 00:00:00', '', '2013-04-07 07:01:02', NULL),
(158, 30401, 'IPD BALING', 'PDRM', 'IBU PEJABAT POLIS DAERAH BALING', 'POLIS DIRAJA MALAYSIA', 'JALAN TAMAN SAGA, CHARUK NAU', '9100', 'KEDAH.', 0, 0, '', 'Azlin', '44708222', 'L', 0, '', '0000-00-00 00:00:00', '', '2013-04-07 07:01:02', NULL),
(159, 90202, 'KETUA CAWANGAN TRAFIK TIMUR LAUT (GEORGE TOWN)', 'PDRM', 'IBU PEJABAT POLIS DAERAH TIMUR LAUT', 'POLIS DIRAJA MALAYSIA', 'CAWANGAN TRAFIK TIMUR LAUT', '10150', 'PULAU PINANG', 0, 0, '', 'Azlin', '42181890', 'X', 0, '', '0000-00-00 00:00:00', '', '2013-04-07 07:01:02', NULL),
(160, 140100, 'JIM SELANGOR (IBUPEJABAT)', 'JIM', 'JABATAN IMIGRESEN MALAYSIA, NEGERI SELANGOR', 'TINGKAT 2, KOMPLEKS PKNS', '', '40550', 'SELANGOR', 0, 0, '', 'Azlin', '355190653', 'X', 0, '', '0000-00-00 00:00:00', '', '2013-04-07 07:01:02', NULL),
(161, 11100, 'AKADEMI IMIGRESEN PORT DICKSON NEGERI SEMBILAN', 'JIM', 'AKADEMI IMIGRESEN MALAYSIA', 'JABATAN IMIGRESEN MALAYSIA', 'BATU 12, JALAN PANTAI', '71050', 'NEGERI SEMBILAN', 0, 0, '', 'Azlin', '66628088', 'M', 0, '', '0000-00-00 00:00:00', '', '2013-04-07 07:01:02', NULL),
(162, 10500, 'JIM IBUPEJABAT (BHG PENGUATKUASA)', 'JIM', 'JABATAN IMIGRESEN MALAYSIA', 'BAHAGIAN PENGUATKUASA', 'NO. 15, TINGKAT 1-7 (PODIUM), PERSIARAN PERDANA ', '62550', 'WILAYAH PERSEKUTUAN PUTRAJAYA', 0, 0, '', 'Azlin', '388801000', 'L', 0, '', '0000-00-00 00:00:00', '', '2013-04-07 07:01:02', NULL),
(163, 40400, 'JIM LANGKAWI', 'JIM', 'JABATAN IMIGRESEN MALAYSIA NEGERI KEDAH, CAWANGAN LANGKAWI', 'TINGKAT 1 & 2, BLOK 1', 'JALAN PADANG MAKSIRAT,', '7000', 'KEDAH.', 0, 0, '', 'Azlin', '49694400', 'X', 0, '', '0000-00-00 00:00:00', '', '2013-04-07 07:01:02', NULL),
(164, 80300, 'JPN SITIAWAN (JPN MANJUNG)', 'JPN', 'JABATAN PENDAFTARAN NEGARA DAERAH MANJUNG', 'TINGKAT BAWAH, BANGUNAN PERSEKUTUAN', '', '32040', 'PERAK', 0, 0, '', 'Azlin', '56886261', 'X', 0, '', '0000-00-00 00:00:00', '', '2013-04-07 07:01:02', NULL),
(165, 81900, 'JPN KG GAJAH (JPN KG. GAJAH)', 'JPN', 'JABATAN PENDAFTARAN NEGARA DAERAH KECIL KAMPONG GAJAH', '', '', '36800', 'PERAK', 0, 0, '', 'Azlin', '56311006', 'L', 0, '', '0000-00-00 00:00:00', '', '2013-04-07 07:01:02', NULL),
(166, 20500, 'JPN KLUANG', 'JPN', 'JABATAN PENDAFTARAN NEGARA DAERAH KLUANG', 'ARAS BAWAH, BANGUNAN PERSEKUTUAN', '', '86000', 'JOHOR', 0, 0, '', 'Azlin', '07772 6825', 'L', 0, '', '0000-00-00 00:00:00', '', '2013-04-07 07:01:02', NULL),
(167, 80200, 'JPN TELUK INTAN (JPN HILIR PERAK)', 'JPN', 'JABATAN PENDAFTARAN NEGARA DAERAH HILIR PERAK', 'BLOK A BANGUNAN PERSEKUTUAN\nJALAN CHAGKAT JONG', '', '36000', 'PERAK', 0, 0, '', 'Azlin', '05622 1197', 'L', 0, '', '0000-00-00 00:00:00', '', '2013-04-07 07:01:02', NULL),
(168, 21200, 'JPN LABIS', 'JPN', 'JABATAN PENDAFTARAN NEGARA DAERAH KECIL LABIS', 'BANGUNAN PEJABAT KERAJAAN', '', '85300', ' JOHOR', 0, 0, '', 'Azlin', '79251914', 'L', 0, '', '0000-00-00 00:00:00', '', '2013-04-07 07:01:02', NULL),
(169, 140300, 'JPN DUNGUN', 'JPN', 'JABATAN PENDAFTARAN NEGARA DAERAH DUNGUN,', '', '', '23000', 'TERENGGANU', 0, 0, '', 'Azlin', '98483003', 'L', 0, '', '0000-00-00 00:00:00', '', '2013-04-07 07:01:02', NULL),
(170, 50200, 'PAROL WILAYAH PERSEKUTUAN', 'JPM', 'JABATAN PENJARA MALAYSIA PAROL & PERKHIDMATAN KOMUNITI NEGERI WILAYAH PERSEKUTUAN KUALA LUMPUR', 'B-9-6, BLOK B, MEGAN AVENUE II\nNO.12, JALAN YAP KWAN SENG', '', '50450', ' KUALA LUMPUR', 0, 0, '', 'Azlin', '321643816', 'S', 0, '', '0000-00-00 00:00:00', '', '2013-04-07 07:01:02', NULL),
(171, 260100, 'AADK JOHOR', 'AADK', 'AGENSI ANTIDADAH KEBANGSAAN, NEGERI JOHOR', '', 'BLOK 5, KOMPLEKS KEMENTERIAN DALAM NEGERI, TAMAN SETIA TROPIKA, KEMPAS', '81200', 'JOHOR', 0, 0, '', 'Azlin', '72373616', 'S', 0, '', '0000-00-00 00:00:00', '', '2013-04-07 07:01:02', NULL),
(172, 20100, 'BHG KAWALAN PENERBITAN DAN TEKS AL-QURAN', 'KDN', 'SETIAUSA BAHAGIAN, BAHAGIAN KAWALAN PENERBITAN DAN TEKS AL-QURAN', 'KEMENTERIAN KESELAMATAN DALAM NEGERI', 'ARAS 5 & 6< BLOK D1, KOMPLEKS D, PUSAT PENTADBIRAN KERAJAAN PERSEKUTUAN', '62502', 'PUTRAJAYA', 0, 0, '', 'Azlin', '388868406', 'L', 0, '', '0000-00-00 00:00:00', '', '2013-04-07 07:01:02', NULL),
(173, 40100, 'JPAM (PULAU PINANG)', 'JPAM', 'JABATAN PERTAHANAN AWAM NEGERI PULAU PINANG', 'KEMENTERIAN DALAM NEGERI', 'LOT 277 & 278, JALAN AYER ITAM', '10460', 'PULAU PINANG', 0, 0, '', 'Azlin', '42221754', 'S', 0, '', '0000-00-00 00:00:00', '', '2013-04-07 07:01:02', NULL),
(174, 60800, 'JPN DAERAH KECIL GEMAS (JPN GEMAS)', 'JPN', 'JABATAN PENDAFTARAN NEGARA DAERAH KECIL GEMAS', 'TINGKAT 1, BANGUNAN LIM CHIN MOH', '', '73400', 'NEGERI SEMBILAN', 0, 0, '', 'Azlin', '79482030', 'L', 0, '', '0000-00-00 00:00:00', '', '2013-04-07 07:01:02', NULL),
(175, 170201, 'BHG KEW KONTINGEN PERLIS', 'PDRM', 'IBU PEJABAT POLIS KONTINJEN PERLIS', 'POLIS DIRAJA MALAYSIA', 'PERSIARAN JUBLI EMAS', '1000', 'PERLIS.', 0, 0, '', 'Azlin', '49082222', 'S', 0, '', '0000-00-00 00:00:00', '', '2013-04-07 07:01:02', NULL),
(176, 80601, 'IPD KINTA (IPD KAMPAR)', 'PDRM', 'IBU PEJABAT POLIS DAERAH KINTA', 'POLIS DIRAJA MALAYSIA', '', '31900', 'PERAK.', 0, 0, '', 'Haidar', '052451222\n', 'L', 0, '', '0000-00-00 00:00:00', '', '2013-04-07 07:01:02', NULL),
(177, 130501, 'IPD KEMAMAN', 'PDRM', 'IBU PEJABAT POLIS DAERAH KEMAMAN', 'POLIS DIRAJA MALAYSIA', '', '24000', 'TERENGGANU', 0, 0, '', 'Haidar', '098592222 / 098', 'L', 0, '', '0000-00-00 00:00:00', '', '2013-04-07 07:01:02', NULL),
(178, 50201, 'IPK MELAKA', 'PDRM', 'IBU PEJABAT POLIS KONTINJEN POLIS MELAKA', 'POLIS DIRAJA MALAYSIA', 'JALAN AYER KEROH LAMA', '75450', 'MELAKA', 0, 0, '', 'Haidar', '62854222', 'S', 0, '', '0000-00-00 00:00:00', '', '2013-04-07 07:01:02', NULL),
(179, 360101, 'JABATAN NARKOTIK BUKIT AMAN', 'PDRM', 'JABATAN SIASATAN JENAYAH NARKOTIK BUKIT AMAN', 'POLIS DIRAJA MALAYSIA', '', '50560', 'WILAYAH PERSEKUTUAN KUALA LUMPUR', 0, 0, '', 'Haidar', '032266 2222\n', 'M', 0, '', '0000-00-00 00:00:00', '', '2013-04-07 07:01:02', NULL),
(180, 120901, 'IPD PETALING JAYA', 'PDRM', 'IBU PEJABAT POLIS DAERAH PETALING JAYA', 'POLIS DIRAJA MALAYSIA', 'JALAN PENCALA', '46050', 'SELANGOR', 0, 0, '', 'Haidar', '379662222', 'L', 0, '', '0000-00-00 00:00:00', '', '2013-04-07 07:01:02', NULL),
(181, 70701, 'IPD KUALA LIPIS', 'PDRM', 'IBU PEJABAT POLIS DAERAH KUALA LIPIS', 'POLIS DIRAJA MALAYSIA', '', '27200', 'PAHANG', 0, 0, '', 'Haidar', '93122222', 'L', 0, '', '0000-00-00 00:00:00', '', '2013-04-07 07:01:02', NULL),
(182, 130301, 'IPD BESUT', 'PDRM', 'IBU PEJABAT POLIS DAERAH BESUT', 'POLIS DIRAJA MALAYSIA', '', '22200', 'TERENGGANU', 0, 0, '', 'Haidar', '96956222', 'L', 0, '', '0000-00-00 00:00:00', '', '2013-04-07 07:01:02', NULL),
(183, 31101, 'IPD KUALA MUDA (IPD SG. PETANI) (IPD SUNGAI PETANI', 'PDRM', 'IBU PEJABAT POLIS DAERAH KUALA MUDA', 'POLIS DIRAJA MALAYSIA', '', '8000', 'KEDAH.', 0, 0, '', 'Haidar', '44212222', 'X', 0, '', '0000-00-00 00:00:00', '', '2013-04-07 07:01:02', NULL);
INSERT INTO `ptj` (`id_ptj`, `kod_ptj`, `nama_ptj`, `nama_jabatan`, `alamat`, `alamat2`, `alamat3`, `poskod`, `negeri`, `id_negeri`, `id_daerah`, `nama_pegawai`, `nama_penyemak`, `no_telefon`, `saiz_ptj`, `id_pegawai_ptj`, `cipta_oleh`, `cipta_pada`, `kemaskini_oleh`, `kemaskini_pada`, `id_user`) VALUES
(184, 100100, 'JIM PERLIS (IBUPEJABAT)', 'JIM', 'IBU PEJABAT,  JABATAN IMIGRESEN MALAYSIA NEGERI PERLIS', 'TINGKAT 1, BANGUNAN PERSEKUTUAN, ', 'PERSIARAN JUBLI EMAS', '1000', 'PERLIS.', 0, 0, '', 'Haidar', '049762636 / 049', 'L', 0, '', '0000-00-00 00:00:00', '', '2013-04-07 07:01:02', NULL),
(185, 10800, 'JIM IBUPEJABAT (BHG KESELAMATAN DAN PASPORT)', 'JIM', 'JABATAN IMIGRESEN MALAYSIA', 'BAHAGIAN KESELAMATAN & PASPORT', 'NO. 15, TINGKAT 1-7 (PODIUM), PERSIARAN PERDANA, PRESINT 2, ', '62550', 'WILAYAH PERSEKUTUAN PUTRAJAYA', 0, 0, '', 'Haidar', '388801512', 'M', 0, '', '0000-00-00 00:00:00', '', '2013-04-07 07:01:02', NULL),
(186, 160300, 'JIM WANGSA MAJU', 'JIM', 'JABATAN IMIGRESEN WILAYAH PERSEKUTUAN KUALA LUMPUR', 'PEJABAT IMIGRESEN WANGSA MAJU', 'ARAS 1, WISMA RAMPAI', '53300', 'WILAYAH PERSEKUTUAN KUALA LUMPUR', 0, 0, '', 'Haidar', '0341421701 / 03', 'X', 0, '', '0000-00-00 00:00:00', '', '2013-04-07 07:01:02', NULL),
(187, 140100, 'JPP KELANTAN', 'JPP', 'JABATAN PENDAFTARAN PERTUBUHAN,\nNEGERI KELANTAN,', 'WISMA SUKAN, JALAN TELIPOT,', '', '15150', 'KELANTAN', 0, 0, '', 'Haidar', '97436886', 'S', 0, '', '0000-00-00 00:00:00', '', '0000-00-00 00:00:00', NULL),
(188, 151400, 'JPN WANGSA MAJU', 'JPN', 'JABATAN PENDAFTARAN NEGARA WANGSA MAJU', 'TINGKAT BAWAH, BLOK PASIFIK\nWISMA RAMPAI, JALAN 34/26,', 'TAMAN SRI RAMPAI', '53300', ' KUALA LUMPUR', 0, 0, '', 'Haidar', '0341421701 / ''0', 'X', 0, '', '0000-00-00 00:00:00', '', '0000-00-00 00:00:00', NULL),
(189, 70600, 'JPN MARAN', 'JPN', 'JABATAN PENDAFTARAN NEGARA DAERAH MARAN,', 'ARAS BAWAH, BANGUNAN PERSEKUTUAN MARAN,', '', '26500', 'PAHANG', 0, 0, '', 'Haidar', '94771266', 'L', 0, '', '0000-00-00 00:00:00', '', '0000-00-00 00:00:00', NULL),
(190, 20900, 'JPN MUAR', 'JPN', 'JABATAN PENDAFTARAN NEGARA, DAERAH MUAR, ', ' LOT PTD 11412, WISMA REGENSI,\nJALAN BAKRI', '', '84000', 'JOHOR ', 0, 0, '', 'Haidar', '69522511', 'L', 0, '', '0000-00-00 00:00:00', '', '0000-00-00 00:00:00', NULL),
(191, 31000, 'JPN SIK', 'JPN', 'JABATAN PENDAFTARAN NEGARA,\nDAERAH SIK,', 'TINGKAT 1, LOT 4&5,\nBANGUNAN TABUNG HAJI,\nPEKAN BARU KEDAH,', '', '8200', 'KEDAH', 0, 0, '', 'Haidar', '044695367 \n', 'L', 0, '', '0000-00-00 00:00:00', '', '0000-00-00 00:00:00', NULL),
(192, 100500, 'JPN BARAT DAYA (JPN BALIK PULAU)', 'JPN', 'JABATAN PENDAFTARAN NEGARA,\nDAERAH BARAT DAYA,', 'NO. 8, KOMPLEKS BALIK PULAU,\nJALAN QUAH SIN KHENG, ', '', '11000', 'PULAU PINANG', 0, 0, '', 'Haidar', ' 048668410\n', 'L', 0, '', '0000-00-00 00:00:00', '', '0000-00-00 00:00:00', NULL),
(193, 131800, 'JPN PUCHONG', 'JPN', 'JABATAN PENDAFTARAN NEGARA,\nCAWANGAN PUCHONG,', 'NO.67 & 69, JALAN PU 7/4, PUCHONG UTAMA', '', '47100', 'SELANGOR', 0, 0, '', 'Haidar', '380683629', 'L', 0, '', '0000-00-00 00:00:00', '', '0000-00-00 00:00:00', NULL),
(194, 40300, 'JPM PUSAT LATIHAN PEGAWAI PENJARA TAIPING', 'JPM', 'PUSAT LATIHAN PEGAWAI PENJARA', 'JABATAN PENJARA MALAYSIA', 'JALAN MUZAFFAR SHAH', '34000', 'PERAK', 0, 0, '', 'Haidar', '058082182/ ''058', 'S', 0, '', '0000-00-00 00:00:00', '', '0000-00-00 00:00:00', NULL),
(195, 10100, 'BHG KEWANGAN, KDN', 'KDN', 'KEMENTERIAN DALAM NEGERI ', 'BAHAGIAN KEWANGAN', 'ARAS 3, BLOK D2, KOMPLEKS D, PUSAT PENTADBIRAN KERAJAAN PERSEKUTUAN', '62546', 'PUTRAJAYA', 0, 0, '', 'Haidar', '388863369', 'L', 0, '', '0000-00-00 00:00:00', '', '2013-04-07 07:01:02', NULL),
(196, 40800, 'PUSPEN BESUT', 'AADK', 'PUSAT PEMULIHAN PENAGIHAN NARKOTIK,', 'AGENSI ANTIDADAH KEBANGSAAN', 'KAMPUNG RAJA', '22200', 'TERENGGANU', 0, 0, '', 'Haidar', ' ''096958594', 'S', 0, '', '0000-00-00 00:00:00', '', '2013-04-07 07:01:02', NULL),
(197, 41400, 'PUSPEN MUAR', 'AADK', 'PUSAT PEMULIHAN PENAGIHAN NARKOTIK,', 'AGENSI ANTIDADAH KEBANGSAAN', 'JALAN SENGKANG, BUKIT GAMBIR', '84800', 'JOHOR', 0, 0, '', 'Haidar', '79535062', 'S', 0, '', '0000-00-00 00:00:00', '', '2013-04-07 07:01:02', NULL),
(198, 80100, 'JPAM NEGERI SEMBILAN', 'JPAM', 'JABATAN PERTAHANAN AWAM MALAYSIA NEGERI SEMBILAN', '', 'KM 5, JALAN LABU', '70200', 'NEGERI SEMBILAN', 0, 0, '', 'Haidar', '067615587 / 619', 'S', 0, '', '0000-00-00 00:00:00', '', '2013-04-07 07:01:02', NULL),
(199, 40300, 'JIM BKT KAYU HITAM', 'JIM', 'JABATAN IMIGRESEN MALAYSIA', 'POS IMIGRESEN BUKIT KAYU HITAM', 'KOMPLEKS IMIGRESEN ', '6050', 'PERLIS.', 0, 0, '', 'Haidar', '49221621', 'L', 0, '', '0000-00-00 00:00:00', '', '2013-04-07 07:01:02', NULL),
(200, 130400, 'PUSAT KOREKSIONAL DUNGUN', 'JPM', 'JABATAN PENJARA MALAYSIA', 'PUSAT KOREKSIONAL DUNGUN,', 'BUKIT BESI,', '23200', 'TERENGGANU', 0, 0, '', 'Haidar', '98332005', 'S', 0, '', '0000-00-00 00:00:00', '', '2013-04-07 07:01:02', NULL),
(201, 140701, 'IPD PUTRAJAYA', 'PDRM', 'IBU PEJABAT POLIS DAERAH PUTRAJAYA', 'POLIS DIRAJA MALAYSIA', 'PRESINT 7', '62500', 'WILAYAH PERSEKUTUAN PUTRAJAYA', 0, 0, '', 'Roslan', '388862222', 'L', 0, '', '0000-00-00 00:00:00', '', '2013-04-07 07:01:02', NULL),
(202, 81001, 'IPD KUALA KANGSAR (IPD SUNGAI SIPUT UTARA)', 'PDRM', 'IBU PEJABAT POLIS DAERAH KUALA KANGSAR', 'POLIS DIRAJA MALAYSIA', 'DAERAH SUNGAI SIPUT,', '31100', 'PERAK.', 0, 0, '', 'Roslan', '55982222', 'L', 0, '', '0000-00-00 00:00:00', '', '2013-04-07 07:01:02', NULL),
(203, 300101, 'PULAPAH (AIR HITAM)', 'PDRM', 'PUSAT LATIHAN POLIS AIR HITAM (PULAPA)', '', '', '72120', 'NEGERI SEMBILAN', 0, 0, '', 'Roslan', '64684222', 'S', 0, '', '0000-00-00 00:00:00', '', '2013-04-07 07:01:02', NULL),
(204, 121201, 'IPD SHAH ALAM', 'PDRM', 'IBU PEJABAT POLIS DAERAH SHAH ALAM', 'POLIS DIRAJA MALAYSIA', 'SEKSYEN 9, PERSIARAN DAMAI,', '40000', 'SELANGOR', 0, 0, '', 'Roslan', '355202222', 'L', 0, '', '0000-00-00 00:00:00', '', '2013-04-07 07:01:02', NULL),
(205, 90601, 'IPD TIMUR LAUT  (IPD GEORGE TOWN)', 'PDRM', 'IBU PEJABAT POLIS DAERAH TIMUR LAUT', 'POLIS DIRAJA MALAYSIA', 'JALAN PATANI', '10150', 'PULAU PINANG', 0, 0, '', 'Roslan', '42181822', 'L', 0, '', '0000-00-00 00:00:00', '', '2013-04-07 07:01:02', NULL),
(206, 41001, 'IPD TUMPAT', 'PDRM', 'IBU PEJABAT POLIS DAERAH TUMPAT', 'POLIS DIRAJA MALAYSIA', '', '16200', 'KELANTAN', 0, 0, '', 'Roslan', '097257222/204', 'L', 0, '', '0000-00-00 00:00:00', '', '2013-04-07 07:01:02', NULL),
(207, 140201, 'IPK KUALA LUMPUR', 'PDRM', 'IBU PEJABAT POLIS KONTINJEN KUALA LUMPUR', 'POLIS DIRAJA MALAYSIA', 'JALAN HANG TUAH', '50560', 'WILAYAH PERSEKUTUAN KUALA LUMPUR', 0, 0, '', 'Roslan', '321460522', 'M', 0, '', '0000-00-00 00:00:00', '', '2013-04-07 07:01:02', NULL),
(208, 130601, 'IPD KUALA TERENGGANU', 'PDRM', 'IBU PEJABAT POLIS DAERAH KUALA TERENGGNU', 'POLIS DIRAJA MALAYSIA', '', '20918', 'TERENGGANU', 0, 0, '', 'Roslan', '096322222 / 221', 'X', 0, '', '0000-00-00 00:00:00', '', '2013-04-07 07:01:02', NULL),
(209, 11300, 'JIM MIDA PAS PENGAJIAN', 'JIM', 'JABATAN IMIGRESEN MALAYSIA', 'MIDA PAS PENGAJIAN', 'NO. 15, TINGKAT 1-7 (PODIUM), PERSIARAN PERDANA, PRESINT 2 ', '62550', 'WILAYAH PERSEKUTUAN PUTRAJAYA', 0, 0, '', 'Roslan', '388801000', 'L', 0, '', '0000-00-00 00:00:00', '', '2013-04-07 07:01:02', NULL),
(210, 140200, 'JIM KAJANG', 'JIM', 'JABATAN IMIGRESEN MALAYSIA, CAWANGAN KAJANG', 'LOT 3-60, TINGKAT 3,', 'KOMPLEKS PERHENTIAN KAJANG, JALAN REKO', '43000', 'SELANGOR', 0, 0, '', 'Roslan', '387344344', 'X', 0, '', '0000-00-00 00:00:00', '', '2013-04-07 07:01:02', NULL),
(211, 30600, 'JIM TANJUNG PENGELEH', 'JIM', 'JABATAN IMIGRESEN MALAYSIA, NEGERI JOHOR', 'POS IMIGRESEN TANJUNG PENGELIH', '', '81600', 'JOHOR', 0, 0, '', 'Roslan', '78252188', 'M', 0, '', '0000-00-00 00:00:00', '', '2013-04-07 07:01:02', NULL),
(212, 70500, 'JPN KUALA LIPIS', 'JPN', 'JABATAN PENDAFTARAN NEGARA DAERAH LIPIS,', 'LOT 1 & 2 KOMPLEKS TAIPAN,', '', '27200', 'PAHANG', 0, 0, '', 'Roslan', '93121072', 'L', 0, '', '0000-00-00 00:00:00', '', '2013-04-07 07:00:09', NULL),
(213, 81800, 'JPN PERAK TENGAH', 'JPN', 'JABATAN PENDAFTARAN NEGARA MALAYSIA\nDAERAH PERAK TENGAH', 'NO 5, JALAN BESAR, BOTA KANAN,', '', '32600', 'PERAK DARUL RIDZUAN', 0, 0, '', 'Roslan', '53765472', 'L', 0, '', '0000-00-00 00:00:00', '', '2013-04-07 07:01:02', NULL),
(214, 10100, 'JPN IBUPEJABAT (JPN PUTRAJAYA)', 'JPN', 'JABATAN PENDAFTARAN NEGARA MALAYSIA', 'KEMENTERIAN DALAM NEGERI\nBAHAGIAN KEWANGAN & PEMBANGUNAN', 'ARAS 8, NO 20, PERSIARAN PERDANA\nPRESINT 2', '62551', 'W.P.PUTRAJAYA', 0, 0, '', 'Roslan', '388807008', 'S', 0, '', '0000-00-00 00:00:00', '', '2013-04-07 07:01:02', NULL),
(215, 131100, 'JPN N.SELANGOR (KAD PINTAR)', 'JPN', 'JABATAN PENDAFTARAN NEGARA MALAYSIA,', 'BAHAGIAN KEWANGAN DAN PEMBANGUNAN\n', 'TINGKAT 7, PLAZA MASALAM, SEKSYEN 9\nNO 2, JALAN TENGKU AMPUAN ZABEDAH E9/E', '40551', 'SELANGOR', 0, 0, '', 'Roslan', '0355107255\n''035', 'X', 0, '', '0000-00-00 00:00:00', '', '2013-04-07 07:00:24', NULL),
(216, 140200, 'JPN BESUT', 'JPN', 'JABATAN PENDAFTARAN NEGARA DAERAH BESUT,', 'ARAS BAWAH, BANGUNAN PERSEKUTUAN,', '', '22200', 'TERENGGANU', 0, 0, '', 'Roslan', '96956327', 'L', 0, '', '0000-00-00 00:00:00', '', '2013-04-07 07:00:09', NULL),
(217, 70400, 'JPN JERANTUT', 'JPN', 'JABATAN PENDAFTARAN NEGARA, DAERAH JERANTUT,', 'KEMENTERIAN DALAM NEGERI,', 'TINGKAT BAWAH, BANGUNAN MAJLIS DAERAH,', '27000', ' PAHANG', 0, 0, '', 'Roslan', '92662499', 'L', 0, '', '0000-00-00 00:00:00', '', '2013-04-07 07:01:02', NULL),
(218, 60500, 'JPN PORT DICKSON', 'JPN', 'JABATAN PENDAFTARAN NEGARA,', 'KEMENTERIAN DALAM NEGERI,\nDAERAH PORT DICKSON,', 'NO 70 TINGKAT BAWAH,\nJALAN DATO’ K.PATHMANABAN, ', '71000', 'NEGERI SEMBILAN', 0, 0, '', 'Roslan', '66471077', 'L', 0, '', '0000-00-00 00:00:00', '', '2013-04-07 07:01:02', NULL),
(219, 140200, 'JPM PENOR (KUANTAN)', 'JPM', 'PENJARA PENOR', 'JABATAN PENJARA MALAYSIA', 'KM 18, JALAN KUANTAN - PEKAN', '25558', 'PAHANG', 0, 0, '', 'Roslan', '095121044\n''0951', 'S', 0, '', '0000-00-00 00:00:00', '', '2013-04-07 07:01:02', NULL),
(220, 40600, 'JPM TAPAH', 'JPM', 'JABATAN PENJARA MALAYSIA', 'DAERAH BESUT', 'KM 12, JALAN TAPAH, TAPAH ROAD', '35400', 'PERAK', 0, 0, '', 'Roslan', '054181818\n''0541', 'L', 0, '', '0000-00-00 00:00:00', '', '2013-04-07 07:01:02', NULL),
(221, 47800, 'PUSPEN BATU KURAU', 'AADK', 'AGENSI ANTIDADAH KEBANGSAAN ', 'KEMENTERIAN DALAM NEGERI', '', '34500', 'PERAK', 0, 0, '', 'Roslan', '058881908 (1667', 'S', 0, '', '0000-00-00 00:00:00', '', '2013-04-07 07:01:02', NULL),
(222, 261200, 'AADK SELANGOR', 'AADK', 'AGENSI ANTIDADAH KEBANGSAAN, NEGERI SELANGOR', 'KEMENTERIAN DALAM NEGERI', 'TINGKAT 1B, BANGUNAN PERSEKUTUAN, JALAN SULTAN, ', '46200', 'SELANGOR', 0, 0, '', 'Roslan', '0379576034 / 03', 'S', 0, '', '0000-00-00 00:00:00', '', '2013-04-07 07:01:02', NULL),
(223, 100300, 'JPAM JENGKA', 'JPAM', 'PUSAT LATIHAN PERTAHANAN AWAM MALAYSIA (PULAPA) WILAYAH TIMUR,', '', 'JALAN BESAR, BANDAR TUN RAZAK JENGKA,', '26400', 'PAHANG', 0, 0, '', 'Roslan', '94677991', 'S', 0, '', '0000-00-00 00:00:00', '', '2013-04-07 07:01:02', NULL),
(224, 80900, 'JPN HULU PERAK (JPN GERIK)', 'JPN', 'JABATAN PENDAFTARAN NEGARA,', 'DAERAH HULU PERAK,', 'ARAS BAWAH, BANGUNAN PERSEKUTUAN, JALAN INTAN,', '33100', 'PERAK', 0, 0, '', 'Roslan', '57912060', 'L', 0, '', '0000-00-00 00:00:00', '', '2013-04-07 07:00:24', NULL),
(225, 150200, 'PUSAT KOREKSIONAL PERLIS (PENJARA BARU)', 'JPM', 'PUSAT KOREKSIONAL PERLIS,', 'JABATAN PENJARA MALAYSIA,', 'JALAN KOK KLANG,', '2500', 'PERLIS.', 0, 0, '', 'Roslan', '49887000', 'S', 0, '', '0000-00-00 00:00:00', '', '2013-04-07 07:01:02', NULL),
(226, 151001, 'P.G.A ULU KINTA (BRIGED UTARA)', 'PDRM', 'PASUKAN GERAKAN AM ULU KINTA', 'BRIDGED UTARA', '', '31150', 'PERAK.', 0, 0, '', 'Izzat', '55406666', 'S', 0, '', '0000-00-00 00:00:00', '', '2013-04-07 07:01:02', NULL),
(227, 140203, 'CAW TRAFIK BUKIT AMAN (e-Payment)', 'PDRM', 'CAWANGAN TRAFIK BUKIT AMAN (E-PAYMENT)', 'POLIS DIRAJA MALAYSIA', '', '50560', 'WILAYAH PERSEKUTUAN KUALA LUMPUR', 0, 0, '', 'Izzat', '322663376', 'X', 0, '', '0000-00-00 00:00:00', '', '2013-04-07 07:01:02', NULL),
(228, 70901, 'IPD RAUB', 'PDRM', 'IBU PEJABAT POLIS DAERAH RAUB', 'POLIS DIRAJA MALAYSIA', '', '27600', 'PAHANG', 0, 0, '', 'Izzat', '93552222', 'L', 0, '', '0000-00-00 00:00:00', '', '2013-04-07 07:01:02', NULL),
(229, 32101, 'IPD BANDAR BAHRU', 'PDRM', 'IBU PEJABAT POLIS DAERAH BANDAR BARU', 'POLIS DIRAJA MALAYSIA', 'JALAN SELAMA', '9800', 'KEDAH.', 0, 0, '', 'Izzat', ' ''044077222 ', 'L', 0, '', '0000-00-00 00:00:00', '', '2013-04-07 07:01:02', NULL),
(230, 21401, 'IPD KULAI JAYA', 'PDRM', 'IBU PEJABAT POLIS DAERAH KULAI JAYA', 'POLIS DIRAJA MALAYSIA', '', '81000', 'JOHOR', 0, 0, '', 'Izzat', '76632222', 'L', 0, '', '0000-00-00 00:00:00', '', '2013-04-07 07:01:02', NULL),
(231, 40401, 'IPD KOTA BHARU', 'PDRM', 'IBU PEJABAT POLIS DAERAH KOTA BAHRU', 'POLIS DIRAJA MALAYSIA', 'JALAN PADANG TEMBAK', '16100', 'KELANTAN', 0, 0, '', 'Izzat', '097752200 / 252', 'L', 0, '', '0000-00-00 00:00:00', '', '2013-04-07 07:01:02', NULL),
(232, 350101, 'MAKTAB PEGAWAI KANAN, CHERAS', 'PDRM', 'MAKTAB PEGAWAI KANAN CHERAS ', 'POLIS DIRAJA MALAYSIA', '', '43200', 'SELANGOR', 0, 0, '', 'Izzat', '391065522', 'S', 0, '', '0000-00-00 00:00:00', '', '2013-04-07 07:01:02', NULL),
(233, 30200, 'JIM BATU PAHAT', 'JIM', 'JABATAN IMIGRESEN MALAYSIA, NEGERI JOHOR, CAWANGAN BATU PAHAT', 'ARAS BAWAH, BANGUNAN PERSEKUTUAN', 'JALAN BAKAU CONDONG', '83000', 'JOHOR', 0, 0, '', 'Izzat', ' ''074341004 ', 'L', 0, '', '0000-00-00 00:00:00', '', '2013-04-07 07:01:02', NULL),
(234, 150500, 'JIM BESUT', 'JIM', 'JABATAN IMIGRESEN MALAYSIA, NEGERI TERENGGANU', 'CAWANGAN BESUT', 'TINGKAT BAWAH, BANGUNAN PERSEKUTUAN, KAMPUNG RAJA,', '22200', 'TERENGGANU', 0, 0, '', 'Izzat', '96957221', 'L', 0, '', '0000-00-00 00:00:00', '', '2013-04-07 07:01:02', NULL),
(235, 80400, 'JIM KUALA LIPIS', 'JIM', 'PEJABAT IMIGRESEN KUALA LIPIS', 'BANGUNAN PEJABAT DAERAH', '', '27200', 'PAHANG', 0, 0, '', 'Izzat', '93121754', 'M', 0, '', '0000-00-00 00:00:00', '', '2013-04-07 07:01:02', NULL),
(236, 40100, 'JIM KEDAH (IBUPEJABAT)', 'JIM', 'JABATAN IMIGRESEN MALAYSIA, NEGERI KEDAH', 'TINGKAT 1 & 2, BANGUNAN KDN,', 'PUSAT PENTADBIRAN KERAJAAN PERSEKUTUAN, BANDAR MU''ADZAM SHAH', '6550', 'KEDAH', 0, 0, '', 'Izzat', '047333302 / 047', 'X', 0, '', '0000-00-00 00:00:00', '', '2013-04-07 07:01:02', NULL),
(237, 20100, 'JPP KUALA LUMPUR', 'JPP', 'JABATAN PENDAFTARAN PERTUBUHAN MALAYSIA WILAYAH PERSEKUTUAAN KUALA LUMPUR', 'ARAS G, KOMPLEKS KEMENTERIAN DALAM NEGERI, JALAN SRI HARTAMAS 1, OFF JALAN DUTA, ', '', '50480', 'KUALA LUMPUR', 0, 0, '', 'Izzat', '0362012092 / 20', 'M', 0, '', '0000-00-00 00:00:00', '', '0000-00-00 00:00:00', NULL),
(238, 130900, 'JPN SEPANG', 'JPN', 'JABATAN PENDAFTARAN NEGARA DAERAH SEPANG', 'LOT D56.1 DAN D56.2\nBANGUNAN KOMPLEKS, BANDAR BARU SALAK TINGGI, ', '', '43900', 'SELANGOR', 0, 0, '', 'Izzat', '387061107', 'L', 0, '', '0000-00-00 00:00:00', '', '0000-00-00 00:00:00', NULL),
(239, 40500, 'JPN PASIR MAS', 'JPN', 'JABATAN PENDAFTARAN NEGARA\nDAERAH PASIR MAS', 'JALAN LEMAL', '', '17000', 'KELANTAN', 0, 0, '', 'Izzat', '097922102 / 100', 'L', 0, '', '0000-00-00 00:00:00', '', '0000-00-00 00:00:00', NULL),
(240, 60600, 'JPN REMBAU', 'JPN', 'JABATAN PENDAFTARAN NEGARA', 'NO. 14, JALAN BESAR,', '', '71300', 'NEGERI SEMBILAN', 0, 0, '', 'Izzat', '66851733', 'L', 0, '', '0000-00-00 00:00:00', '', '0000-00-00 00:00:00', NULL),
(241, 20700, 'JPN YONG PENG', 'JPN', 'JABATAN PENDAFTARAN NEGARA\nDAERAH YONG PENG', 'NO. 3, JALAN PERSIARAN CAHAYA BARU', '', '83700', 'JOHOR', 0, 0, '', 'Izzat', '07-4672058 / ''0', 'L', 0, '', '0000-00-00 00:00:00', '', '0000-00-00 00:00:00', NULL),
(242, 40800, 'JPN TUMPAT', 'JPN', 'JABATAN PENDAFTARAN NEGARA DAERAH TUMPAT', 'KAMPUNG SEDAR', '', '16200', 'KELANTAN', 0, 0, '', 'Izzat', '97257035', 'L', 0, '', '0000-00-00 00:00:00', '', '0000-00-00 00:00:00', NULL),
(243, 50400, 'JPN CAWANGAN MELAKA TENGAH', 'JPN', 'JABATAN PENDAFTARAN NEGARA\nCAWANGAN MELAKA TENGAH', 'NO.8, 8-1, TINGKAT 1 & 2\nJALAN PPM 2, PLAZA PANDAN MALIM\nJALAN BALAI PANJANG', '', '75250', ' MELAKA', 0, 0, '', 'Izzat', '063346213 / 336', 'L', 0, '', '0000-00-00 00:00:00', '', '0000-00-00 00:00:00', NULL),
(244, 110100, 'JPM JOHOR BAHRU', 'JPM', 'JABATAN PENJARA MALAYSIA', 'PENJARA REMAN JOHOR BAHRU', 'JALAN AYER MOLEK', '80700', 'JOHOR', 0, 0, '', 'Izzat', '72231226', 'S', 0, '', '0000-00-00 00:00:00', '', '2013-04-07 07:01:02', NULL),
(245, 60900, 'BHG KAWALAN FILEM CAWANGAN WILAYAH PERSEKUTUAN', 'KDN', 'BAHAGIAN KAWALAN PENAPISAN FILEM & PENGUATKUASAAN', 'KOMPLEKS KDN WILAYAH PERSEKUTUAN KUALA LUMPUR, ', 'NO.69, ARAS 3, JALAN SRI HARTAMAS 1,', '50480', 'KUALA LUMPUR', 0, 0, '', 'Izzat', ' ''0362012099 ', 'S', 0, '', '0000-00-00 00:00:00', '', '2013-04-07 07:01:02', NULL),
(246, 40900, 'PUSPEN KARANGAN', 'AADK', 'KLINIK C&C 1MALAYSIA KARANGAN', 'AGENSI ANTIDADAH KEBANGSAAN', 'KEMENTERIAN DALAM NEGERI', '9700', 'KEDAH', 0, 0, '', 'Izzat', '044056014 / 044', 'S', 0, '', '0000-00-00 00:00:00', '', '2013-04-07 07:01:02', NULL),
(247, 60300, 'AKADEMI LATIHAN PERTAHANAN AWAM BANGI (JPAM ALPHA)', 'JPAM', 'AKADEMI LATIHAN PERTAHANAN AWAM, ', 'JABATAN PERTAHANAN AWAM MALAYSIA,', 'LOT 14617, PERSIARAN INSTITUT BANGI,', '43900', 'SELANGOR.', 0, 0, '', 'Izzat', '389262991', 'S', 0, '', '0000-00-00 00:00:00', '', '2013-04-07 07:01:02', NULL),
(248, 30300, 'JIM MUAR', 'JIM', 'JABATAN IMIGRESEN MALAYSIA NEGERI JOHOR, CAWANGAN MUAR ', 'NO. 1, TINGKAT 1, BANGUNAN TIAM LOCK,', 'JALAN ISMAIL', '84000', 'JOHOR', 0, 0, '', 'Izzat', '69522685', 'L', 0, '', '0000-00-00 00:00:00', '', '2013-04-07 07:01:02', NULL),
(249, 40501, 'IPD KUALA KRAI', 'PDRM', 'IBU PEJABAT POLIS DAERAH KUALA KRAI', 'POLIS DIRAJA MALAYSIA', '', '18000', 'KELANTAN', 0, 0, '', 'Izzat', '099666222 / 099', 'L', 0, '', '0000-00-00 00:00:00', '', '2013-04-07 07:01:02', NULL),
(250, 144000, 'JIM KUALA SELANGOR', 'JIM', 'JABATAN IMIGRESEN MALAYSIA, CAWANGAN KUALA SELANGOR', 'TINGKAT 4, KOMPLEKS PKNS,', 'JALAN PERUSAHAAN 1, TAMAN IKS,', '45000', 'SELANGOR', 0, 0, '', 'Izzat', '332811335', 'M', 0, '', '0000-00-00 00:00:00', '', '2013-04-07 07:01:02', NULL),
(251, 220201, 'JABATAN SIASATAN JENAYAH PERDAGANGAN', 'PDRM', 'BAHAGIAN SIASATAN PENGUBAHAN WANG HARAM', 'POLIS DIRAJA MALAYSIA', 'PASUKAN PETUGAS KHAS (OPERASI / COUNTER TERRORISM)', '50560', 'WILAYAH PERSEKUTUAN KUALA LUMPUR', 0, 0, '', 'Hafiz', '032616 3705', 'S', 0, '', '0000-00-00 00:00:00', '', '2013-04-07 07:01:02', NULL),
(252, 130701, 'IPD MARANG', 'PDRM', 'IBU PEJABAT POLIS DAERAH MARANG', 'POLIS DIRAJA MALAYSIA', '', '21600', 'TERENGGANU', 0, 0, '', 'Hafiz', '96182222', 'L', 0, '', '0000-00-00 00:00:00', '', '2013-04-07 07:01:02', NULL),
(253, 71301, 'IPD BERA', 'PDRM', 'IBU PEJABAT POLIS DAERAH BERA', 'POLIS DIRAJA MALAYSIA', '', '28000', 'PAHANG', 0, 0, '', 'Hafiz', '09255 8222', 'L', 0, '', '0000-00-00 00:00:00', '', '2013-04-07 07:01:02', NULL),
(254, 157001, 'PUSAT LATIHAN POLIS MUAR', 'PDRM', 'PUSAT LATIHAN POLIS SEGAMAT (MUAR)', 'POLIS DIRAJA MALAYSIA', 'KM6, JALAN JEMENTAH', '85100', 'JOHOR', 0, 0, '', 'Hafiz', '07935 3422', 'S', 0, '', '0000-00-00 00:00:00', '', '2013-04-07 07:01:02', NULL),
(255, 31801, 'IPD KUBANG PASU', 'PDRM', 'IBU PEJABAT POLIS DAERAH KUBANG PASU', 'POLIS DIRAJA MALAYSIA', '', '6000', 'KEDAH.', 0, 0, '', 'Hafiz', '049172222 / 380', 'L', 0, '', '0000-00-00 00:00:00', '', '2013-04-07 07:01:02', NULL),
(256, 80204, 'KETUA CAWANGAN TRAFIK PERAK (TRAFIK IPOH)', 'PDRM', 'CAWANGAN TRAFIK PERAK, IBU PEJABAT POLIS DAERAH IPOH', 'POLIS DIRAJA MALAYSIA', 'JALAN PANGLIMA BUKIT GANTANG WAHAB', '30000', 'PERAK.', 0, 0, '', 'Hafiz', '05245 1501', 'X', 0, '', '0000-00-00 00:00:00', '', '2013-04-07 07:01:02', NULL),
(257, 140501, 'IPD CHERAS', 'PDRM', 'IBU PEJABAT POLIS DAERAH CHERAS', 'POLIS DIRAJA MALAYSIA', '', '55100', 'WILAYAH PERSEKUTUAN KUALA LUMPUR', 0, 0, '', 'Hafiz', '391452245', 'L', 0, '', '0000-00-00 00:00:00', '', '2013-04-07 07:01:02', NULL),
(258, 110100, 'JIM P.PINANG (IBU PEJABAT)', 'JIM', 'IBU PEJABAT JABATAN IMIGRESEN MALAYSIA NEGERI PULAU PINANG', '', 'JALAN KELASAH', '13700', 'PULAU PINANG', 0, 0, '', 'Hafiz', '043973011 / 401', 'X', 0, '', '0000-00-00 00:00:00', '', '2013-04-07 07:01:02', NULL),
(259, 150200, 'JIM DUNGUN', 'JIM', 'IBU PEJABAT JABATAN IMIGRESEN MALAYSIA NEGERI TERENGGANU', 'CAWANGAN DUNGUN', '', '23000', 'TERENGGANU', 0, 0, '', 'Hafiz', '98441525', 'M', 0, '', '0000-00-00 00:00:00', '', '2013-04-07 07:01:02', NULL),
(260, 11400, 'JIM MDEC', 'JIM', 'JABATAN IMIGRESEN MALAYSIA, PAS PENGAJIAN MDEC', 'EAST WING 3639, SUITE 3.1, PLAZA FSBM', 'JALAN TEKNORAT 7', '63300', 'SELANGOR', 0, 0, '', 'Hafiz', '383196780', 'L', 0, '', '0000-00-00 00:00:00', '', '2013-04-07 07:01:02', NULL),
(261, 30100, 'JPP PULAU PINANG', 'JPP', 'JABATAN PENDAFTARAN PERTUBUHAN MALAYSIA NEGERI PULAU PINANG', 'ARAS 4, ZON A\nWISMA PERSEKUTUAN SEBERANG PERAI UTARA\nJALAN BERTAM,', '', '13200', 'PULAU PINANG', 0, 0, '', 'Hafiz', '04578 0456\n''045', 'M', 0, '', '0000-00-00 00:00:00', '', '2013-04-07 07:01:02', NULL),
(262, 132100, 'JPN PETALING JAYA', 'JPN', 'JABATAN PENDAFTARAN NEGARA DAERAH PETALING JAYA', 'TINGKAT 1, BANGUNAN PERSEKUTUAN\nJALAN SULTAN', '', '46551', 'SELANGOR', 0, 0, '', 'Hafiz', '037954 6324\n''03', 'X', 0, '', '0000-00-00 00:00:00', '', '2013-04-07 07:01:02', NULL),
(263, 140600, 'JPN MARANG', 'JPN', 'JABATAN PENDAFTARAN NEGARA\nDAERAH MARANG', '', '', '21600', 'TERENGGANU', 0, 0, '', 'Hafiz', '09618 2695', 'L', 0, '', '0000-00-00 00:00:00', '', '2013-04-07 07:01:02', NULL),
(264, 70700, 'JPN PEKAN', 'JPN', 'JABATAN PENDAFTARAN NEGARA\nDAERAH PEKAN, ', 'TINGKAT BAWAH, LOT A DAN B\nBANGUNAN LUTH, JALAN TENGKU AMPUAN', '', '26600', 'PAHANG', 0, 0, '', 'Hafiz', '09422 1876', 'L', 0, '', '0000-00-00 00:00:00', '', '2013-04-07 07:01:02', NULL),
(265, 150400, 'JPN BANDAR TUN RAZAK', 'JPN', 'JABATAN PENDAFTARAN NEGARA\nBANDAR TUN RAZAK', 'PUSAT KOMERSIAL KOMUNITI\nLOT 51020 JALAN 26/117 A\nBANDAR TUN RAZAK', '', '56000', ' KUALA LUMPUR', 0, 0, '', 'Hafiz', '039171 4000 / 1', 'L', 0, '', '0000-00-00 00:00:00', '', '2013-04-07 07:01:02', NULL),
(266, 40700, 'JPN TANAH MERAH', 'JPN', 'JABATAN PENDAFTARAN NEGARA DAERAH TANAH MERAH', 'JALAN HOSPITAL', '', '17500', 'KELANTAN', 0, 0, '', 'Hafiz', '09950 2303', 'L', 0, '', '0000-00-00 00:00:00', '', '2013-04-07 07:01:02', NULL),
(267, 71300, 'JPN MUADZAM SHAH', 'JPN', 'JABATAN PENDAFTARAN NEGARA\nBANDAR MUADZAM SHAH', 'PERSIARAN DARA', '', '26700', 'PAHANG', 0, 0, '', 'Hafiz', '09452 5231', 'L', 0, '', '0000-00-00 00:00:00', '', '2013-04-07 07:01:02', NULL),
(268, 10100, 'JPM IBUPEJABAT BUKIT WIRA (KAJANG) (PENJARA IBUPEJ', 'JPM', 'JABATAN PENJARA MALAYSIA', 'IBU PEJABAT PENJARA MALAYSIA', 'BUKIT WIRA', '43000', 'SELANGOR', 0, 0, '', 'Hafiz', '387328000', 'S', 0, '', '0000-00-00 00:00:00', '', '2013-04-07 07:01:02', NULL),
(269, 40100, 'JPM TAIPING', 'JPM', 'JABATAN PENJARA MALAYSIA', 'PENJARA TAIPING', 'JALAN TAMING SARI', '34000', 'PERAK', 0, 0, '', 'Hafiz', '58072177', 'L', 0, '', '0000-00-00 00:00:00', '', '2013-04-07 07:01:02', NULL),
(270, 41100, 'PUSPEN JELI', 'AADK', 'CURE & CARE REHABILITATION CENTRE (CCRC) JELI,', 'AGENSI ANTIDADAH KEBANGSAAN', 'KEMENTERIAN DALAM NEGERI', '17600', 'KELANTAN', 0, 0, '', 'Hafiz', '99440219', 'S', 0, '', '0000-00-00 00:00:00', '', '2013-04-07 07:01:02', NULL),
(271, 260700, 'AADK PERAK', 'AADK', 'AGENSI ANTIDADAH KEBANGSAAN NEGERI PERAK,', 'ARAS 2, KOMPLEKS PEJABAT KDN, ', 'PERSIARAN MENU UTAMA ZON 4B, BANDAR MERU RAYA', '30020', 'PERAK', 0, 0, '', 'Hafiz', '055288811 / 055', 'S', 0, '', '0000-00-00 00:00:00', '', '2013-04-07 07:01:02', NULL),
(272, 12500, 'BAHAGIAN PENGURUSAN PEKERJA ASING KDN', 'KDN', 'KETUA SETIAUSAHA, KEMENTERIAN DALAM NEGERI', 'BAHAGIAN PENGURUSAN PEKERJA ASING', 'ARAS 4 & 5, BLOK D9, KOMPLEKS D PUSAT PENTADBIRAN KERAJAAN PERSEKUTUAN', '62546', 'PUTRAJAYA', 0, 0, '', 'Hafiz', '038885 2919', 'L', 0, '', '0000-00-00 00:00:00', '', '2013-04-07 07:01:02', NULL),
(273, 70100, 'JABATAN PERTAHANAN AWAM(JPAM)NEGERI MELAKA', 'JPAM', 'JABATAN PERTAHANAN AWAM NEGERI MELAKA,', 'KEMENTERIAN DALAM NEGERI', 'KOMPLEKS KDN, JALAN SERI NEGERI, HANG TUAH JAYA,', '75450', 'MELAKA.', 0, 0, '', 'Hafiz', '62324127', 'S', 0, '', '0000-00-00 00:00:00', '', '2013-04-07 07:01:02', NULL),
(274, 60100, 'JPN N.SEMBILAN (JPN SEREMBAN)', 'JPN', 'JABATAN PENDAFTARAN NEGARA MALAYSIA', 'TINGKAT 1, WISMA PERSEKUTUAN\nJALAN DATO'' ABDUL KADIR,', '', '70551', 'NEGERI SEMBILAN', 0, 0, '', 'Hafiz', '067651600 / 601', 'X', 0, '', '0000-00-00 00:00:00', '', '2013-04-07 07:01:02', NULL),
(275, 61400, 'BAHAGIAN KAWALAN FILEM, NEGERI SEMBILAN', 'KDN', 'PENGARAH, BAHAGIAN KAWALAN PENAPISAN FILEM DAN PENGUATKUASAAN, KEMENTERIAN DALAM NEGERI', 'CAWANGAN NEGERI SEMBILAN', 'TINGKAT 4 & 5, BANGUNAN TH, KOMPLEKS TERMINAL 1, JALAN LINTANG', '70000', 'NEGERI SEMBILAN', 0, 0, '', 'Hafiz', '67611152', 'S', 0, '', '0000-00-00 00:00:00', '', '2013-04-07 07:01:02', NULL),
(276, 151005, 'P.G.A. BN 3 BIDOR', 'PDRM', 'PASUKAN GERAKAN AM BIDOR (BN3)', 'POLIS DIRAJA MALAYSIA', '', '35500', 'PERAK.', 0, 0, '', 'CC Ali', '54343701', 'M', 0, '', '0000-00-00 00:00:00', '', '2013-04-07 07:01:02', NULL),
(277, 290101, 'PUSAT LATIHAN POLIS KUALA LUMPUR (PULAPOL)', 'PDRM', 'PUSAT LATIHAN POLIS KUALA LUMPUR (PULAPOL)', 'POLIS DIRAJA MALAYSIA', '', '54100', 'WILAYAH PERSEKUTUAN KUALA LUMPUR', 0, 0, '', 'CC Ali', '54343701', 'L', 0, '', '0000-00-00 00:00:00', '', '2013-04-07 07:01:02', NULL),
(278, 152001, 'BRIGED TENGAH PASUKAN POLIS HUTAN KL', 'PDRM', 'BRIGED TENGAH PASUKAN POLIS HUTAN, KUALA LUMPUR', 'PASUKAN GERAKAN AM', '', '43200', 'WILAYAH PERSEKUTUAN KUALA LUMPUR', 0, 0, '', 'CC Ali', '54343701', 'S', 0, '', '0000-00-00 00:00:00', '', '2013-04-07 07:01:02', NULL),
(279, 80701, 'IPD KERIAN (IPD BAGAN SERAI)', 'PDRM', 'IBU PEJABAT POLIS DAERAH KERIAN,', 'POLIS DIRAJA MALAYSIA', '', '34300', 'PERAK.', 0, 0, '', 'CC Ali', '54343701', 'L', 0, '', '0000-00-00 00:00:00', '', '2013-04-07 07:01:02', NULL),
(280, 60701, 'IPD SEREMBAN', 'PDRM', 'IBU PEJABAT POLIS DAERAH SEREMBAN', 'POLIS DIRAJA MALAYSIA', '', '70300', 'NEGERI SEMBILAN', 0, 0, '', 'CC Ali', '66013222', 'X', 0, '', '0000-00-00 00:00:00', '', '2013-04-07 07:01:02', NULL),
(281, 121301, 'IPD SEPANG', 'PDRM', 'IBU PEJABAT POLIS DAERAH SEPANG', 'POLIS DIRAJA MALAYSIA', 'BANDAR BARU SALAK TINGGI', '43900', 'SELANGOR.', 0, 0, '', 'CC Ali', '387062222', 'L', 0, '', '0000-00-00 00:00:00', '', '2013-04-07 07:01:02', NULL),
(282, 140900, 'JIM KUALA KUBU BHARU', 'JIM', 'IBU PEJABAT JABATAN IMIGRESEN MALAYSIA NEGERI SELANGOR', 'CAWANGAN KUALA KUBU BHARU', 'NO. 51, JALAN KAMARUDDIN,', '44000', 'SELANGOR', 0, 0, '', 'CC Ali', '54343701', 'L', 0, '', '0000-00-00 00:00:00', '', '2013-04-07 07:01:02', NULL),
(283, 80200, 'JIM TEMERLOH', 'JIM', 'JABATAN IMIGRESEN MALAYSIA NEGERI PAHANG', 'CAWANGAN TEMERLOH', 'TINGKAT BAWAH, BANGUNAN PERSEKUTUAN,', '28000', 'PAHANG', 0, 0, '', 'CC Ali', '54343701', 'X', 0, '', '0000-00-00 00:00:00', '', '2013-04-07 07:01:02', NULL),
(284, 30800, 'JIM TAMBAK JOHOR', 'JIM', 'JABATAN IMIGRESEN MALAYSIA,', 'PEJABAT IMIGRESEN BANGUNAN SULTAN ISKANDAR', '', '80300', 'JOHOR', 0, 0, '', 'CC Ali', '54343701', 'L', 0, '', '0000-00-00 00:00:00', '', '2013-04-07 07:01:02', NULL),
(285, 30100, 'JIM JOHOR BAHRU (IBUPEJABAT)', 'JIM', 'JABATAN IMIGRESEN MALAYSIA, NEGERI JOHOR', 'BLOK 1, KOMPLEKS KEMENTERIAN DALAM NEGERI', 'TAMAN SETIA TROPIKA,', '81200', 'JOHOR', 0, 0, '', 'CC Ali', '54343701', 'X', 0, '', '0000-00-00 00:00:00', '', '2013-04-07 07:01:02', NULL),
(286, 50100, 'JPP PERAK', 'JPP', 'JABATAN PENDAFTARAN PERTUBUHAN MALAYSIA PERAK', 'ARAS 4, KOMPLEKS KEMENTERIAN DALAM NEGERI,', ' PERSIARAN MERU UTAMA, BANDAR MERU RAYA,', '30020', 'PERAK', 0, 0, '', 'CC Ali', '55288445', 'M', 0, '', '0000-00-00 00:00:00', '', '2013-04-07 07:01:02', NULL),
(287, 20200, 'JPN MERSING', 'JPN', 'JABATAN PENDAFTARAN NEGARA, DAERAH MERSING, ', '1D, JALAN ABU BAKAR,', '', '86800', ' JOHOR', 0, 0, '', 'CC Ali', '77557441', 'L', 0, '', '0000-00-00 00:00:00', '', '2013-04-07 07:01:02', NULL),
(288, 20800, 'JPN SIMPANG RENGGAM', 'JPN', 'JABATAN PENDAFTARAN NEGARA, DAERAH SIMPANG RENGGAM', 'NO. 2 & 3, WISMA JAYA,', ' JALAN JAYA 1/1, TAMAN JAYA ', '86200', 'JOHOR', 0, 0, '', 'CC Ali', '77991059', 'L', 0, '', '0000-00-00 00:00:00', '', '2013-04-07 07:01:02', NULL),
(289, 151200, 'JPN SALAK SELATAN (KAD PINTAR)', 'JPN', 'JABATAN PENDAFTARAN NEGARA, SEPUTEH,', 'LOT 5.003A, KOMPLEKS PERNIAGAAN ENDAH PARADE,', 'BANDAR BARU SRI PETALING', '57000', 'KUALA LUMPUR', 0, 0, '', 'CC Ali', '390573439', 'L', 0, '', '0000-00-00 00:00:00', '', '2013-04-07 07:01:02', NULL),
(290, 81300, 'JPN KERIAN (JPN PARIT BUNTAR)', 'JPN', 'JABATAN PENDAFTARAN NEGARA, DAERAH KERIAN,', 'KEMENTERIAN DALAM NEGERI,', 'NO.1 LINTANG BISTARI, PUSAT BANDAR FASA II,', '34200', 'PERAK', 0, 0, '', 'CC Ali', '57161969', 'L', 0, '', '0000-00-00 00:00:00', '', '2013-04-07 07:01:02', NULL),
(291, 60300, 'JPN JEMPOL', 'JPN', 'JABATAN PENDAFTARAN NEGARA', 'KEMENTERIAN DALAM NEGERI, DAERAH JEMPOL', 'NO. 37, JALAN MASJID, PUSAT PERNIAGAAN BAHAU,', '72100', 'NEGERI SEMBILAN', 0, 0, '', 'CC Ali', '64549609', 'L', 0, '', '0000-00-00 00:00:00', '', '2013-04-07 07:01:02', NULL),
(292, 40100, 'JPN KOTA BHARU (JPN KELANTAN)', 'JPN', 'JABATAN PENDAFTARAN NEGARA, NEGERI KELANTAN', 'KEMENTERIAN DALAM NEGERI,', 'ARAS 1, WISMA PERSEKUTUAN,\nJALAN BAYAM', '15551', 'KELANTAN', 0, 0, '', 'CC Ali', '97471523', 'X', 0, '', '0000-00-00 00:00:00', '', '2013-04-07 07:01:02', NULL),
(293, 80600, 'JPN SLIM RIVER', 'JPN', 'JABATAN PENDAFTARAN NEGARA MALAYSIA, DAERAH KECIL SLIM RIVER', ' BLOK A, ARAS BAWAH, KOMPLEKS MINI KDN,', '', '35800', ' PERAK', 0, 0, '', 'CC Ali', '54528488', 'L', 0, '', '0000-00-00 00:00:00', '', '2013-04-07 07:01:02', NULL),
(294, 20500, 'AKADEMI KOREKSIONAL MALAYSIA LANGKAWI', 'JPM', 'JABATAN PENJARA MALAYSIA', 'AKADEMI KOREKSIONAL MALAYSIA', 'PERSIARAN PUTRA', '7000', 'KEDAH', 0, 0, '', 'CC Ali', '49600000', 'S', 0, '', '0000-00-00 00:00:00', '', '2013-04-07 07:01:02', NULL),
(295, 48300, 'PUSPEN SG RUAN', 'AADK', 'PUSAT PEMULIHAN PENAGIHAN NARKOTIK (PUSPEN) SUNGAI RUAN,', 'AGENSI ANTIDADAH KEBANGSAAN MALAYSIA, ', 'KEMENTERIAN DALAM NEGERI,  ', '27500', 'PAHANG', 0, 0, '', 'CC Ali', '93687763', 'S', 0, '', '0000-00-00 00:00:00', '', '2013-04-07 07:01:02', NULL),
(296, 260300, 'AADK KELANTAN', 'AADK', 'AGENSI ANTIDADAH KEBANGSAAN NEGERI KELANTAN,', 'KEMENTERIAN DALAM NEGERI,', 'TINGKAT 1 & 8, MENARA PERBADANAN, JALAN TUNKU PETRA SEMERAK,', '15000', 'KELANTAN', 0, 0, '', 'CC Ali', '97414700', 'S', 0, '', '0000-00-00 00:00:00', '', '2013-04-07 07:01:02', NULL),
(297, 48500, 'PUSPEN BENTA', 'AADK', 'PUSAT PEMULIHAN PENAGIHAN NARKOTIK (PUSPEN) BENTA, ', 'AGENSI ANTIDADAH KEBANGSAAN, KEMENTERIAN DALAM NEGERI', 'BATU 13, LANDASAN TERBANG BENTA', '27300', 'PAHANG', 0, 0, '', 'CC Ali', '93239017', 'S', 0, '', '0000-00-00 00:00:00', '', '2013-04-07 07:01:02', NULL),
(298, 90100, 'JPAM JOHOR', 'JPAM', 'JABATAN PERTAHANAN AWAM NEGERI JOHOR', 'KEMENTERIAN DALAM NEGERI', 'ARAS 5, BLOK 2, KOMPLEKS KEMENTERIAN DALAM NEGERI, TAMAN SETIA TROPIKA, KEMPAS', '81200', 'JOHOR', 0, 0, '', 'CC Ali', '72364567', 'S', 0, '', '0000-00-00 00:00:00', '', '2013-04-07 07:01:02', NULL),
(299, 120801, 'IPD KUALA SELANGOR', 'PDRM', 'IBU PEJABAT POLIS DAERAH KUALA SELANGOR', 'POLIS DIRAJA MALAYSIA', '', '45000', 'SELANGOR.', 0, 0, '', 'CC Ali', '332891222', 'L', 0, '', '0000-00-00 00:00:00', '', '2013-04-07 07:01:02', NULL),
(300, 350501, 'PULAPOL LANGKAWI', 'PDRM', 'PUSAT LATIHAN POLIS LANGKAWI (PULAPOL)', '', ' JALAN KUALA MUDA, MUKIM PADANG MATSIRAT, ', '7100', 'KEDAH', 0, 0, '', 'CC Ali', '49552222', 'S', 0, '', '0000-00-00 00:00:00', '', '2013-04-07 07:01:02', NULL),
(301, 261300, 'AADK TERENGGANU', 'AADK', 'AGENSI ANTIDADAH KEBANGSAAN, NEGERI TERENGGANU', 'KEMENTERIAN DALAM NEGERI', 'TINGKAT 4, WISMA SERI AMAR, JALAN SULTAN ISMAIL', '20200', 'TERENGGANU', 0, 0, '', 'Azmi', '96234199', 'S', 0, '', '0000-00-00 00:00:00', '', '2013-04-07 07:01:02', NULL),
(302, 140601, 'IPD SENTUL', 'PDRM', 'IBU PEJABAT POLIS DAERAH SENTUL', 'POLIS DIRAJA MALAYSIA', '', '51200', 'WILAYAH PERSEKUTUAN KUALA LUMPUR', 0, 0, '', 'Azmi', '340422222', 'X', 0, '', '0000-00-00 00:00:00', '', '2013-04-07 07:01:02', NULL),
(303, 140301, 'IPD BRICKFIELDS', 'PDRM', 'IBU PEJABAT POLIS DAERAH BRICKFIELDS', 'POLIS DIRAJA MALAYSIA', 'NO. 17, JALAN RADIN ANUM SATU, ', '57000', 'WILAYAH PERSEKUTUAN KUALA LUMPUR', 0, 0, '', 'Azmi', '0390516222 (400', 'L', 0, '', '0000-00-00 00:00:00', '', '2013-04-07 07:01:02', NULL),
(304, 121001, 'IPD SABAK BERNAM', 'PDRM', 'IBU PEJABAT POLIS DAERAH SABAK BERNAM', 'POLIS DIRAJA MALAYSIA', '', '45300', 'SELANGOR.', 0, 0, '', 'Azmi', '332242222', 'L', 0, '', '0000-00-00 00:00:00', '', '2013-04-07 07:01:02', NULL),
(305, 40201, 'IPK KELANTAN', 'PDRM', 'IBU PEJABAT POLIS KONTINJEN KELANTAN', 'POLIS DIRAJA MALAYSIA', 'JALAN BAYAM', '15990', 'KELANTAN', 0, 0, '', 'Azmi', '097455622 (5562', 'S', 0, '', '0000-00-00 00:00:00', '', '2013-04-07 07:01:02', NULL),
(306, 21001, 'IPD JOHOR BAHRU SELATAN', 'PDRM', 'IBU PEJABAT POLIS DAERAH JOHOR BAHRU SELATAN', 'POLIS DIRAJA MALAYSIA', 'NO. 489, JALAN MELDRUM,', '80000', 'JOHOR', 0, 0, '', 'Azmi', '', 'X', 0, '', '0000-00-00 00:00:00', '', '2013-04-07 07:01:02', NULL),
(307, 40301, 'IPD GUA MUSANG', 'PDRM', 'IBU PEJABAT POLIS DAERAH GUA MUSANG', 'POLIS DIRAJA MALAYSIA', '', '18300', 'KELANTAN', 0, 0, '', 'Azmi', '99121258', 'L', 0, '', '0000-00-00 00:00:00', '', '2013-04-07 07:01:02', NULL),
(308, 60401, 'IPD JELEBU', 'PDRM', 'IBU PEJABAT POLIS DAERAH JELEBU', 'POLIS DIRAJA MALAYSIA', '', '71600', 'NEGERI SEMBILAN', 0, 0, '', 'Azmi', '066136222 (210)', 'L', 0, '', '0000-00-00 00:00:00', '', '2013-04-07 07:01:02', NULL),
(309, 32000, 'JIM SEGAMAT', 'JIM', 'JABATAN IMIGRESEN MALAYSIA, NEGERI JOHOR', 'CAWANGAN SEGAMAT, ', 'BANGUNAN PEJABAT KERAJAAN, JALAN OMAR,', '85000', 'JOHOR', 0, 0, '', 'Azmi', '79329280', 'L', 0, '', '0000-00-00 00:00:00', '', '2013-04-07 07:01:02', NULL),
(310, 150400, 'JIM KERTEH', 'JIM', 'JABATAN IMIGRESEN MALAYSIA, NEGERI TERENGGANU', 'CAWANGAN KERTEH', 'LOT. 34, KOMPLEKS BANDAR BARU KERTEH,', '24300', 'TERENGGANU', 0, 0, '', 'Azmi', '98261130', 'M', 0, '', '0000-00-00 00:00:00', '', '2013-04-07 07:01:02', NULL),
(311, 31000, 'JIM KOMPLEKS SULTAN ABU BAKAR (TANJUNG KUPANG)', 'JIM', 'JABATAN IMIGRESEN MALAYSIA, NEGERI JOHOR', 'PEJABAT IMIGRESEN KOMPLEKS SULTAN ABU BAKAR,', 'NO. 343, JALAN BUKIT KUCHING,', '81560', 'JOHOR', 0, 0, '', 'Azmi', '075133040 / 046', 'L', 0, '', '0000-00-00 00:00:00', '', '2013-04-07 07:01:02', NULL),
(312, 11800, 'JIM ( PEJABAT PASPORT (DIPLOMATIK)', 'JIM', 'JABATAN IMIGRESEN MALAYSIA, PEJABAT PASPORT,', 'ARAS 1, BLOK A & B, BANGUNAN CHANCERY PLACE,', 'JALAN DIPLOMATIK 2,', '62050', 'WILAYAH PERSEKUTUAN PUTRAJAYA', 0, 0, '', 'Azmi', '0388811530 / 03', 'X', 0, '', '0000-00-00 00:00:00', '', '2013-04-07 07:01:02', NULL),
(313, 10100, 'JPP IBUPEJABAT PUTRAJAYA', 'JPP', 'JABATAN PENDAFTARAN PERTUBUHAN', 'BHGN SUMBER MANUSIA & KHIDMAT PENGURUSAN', 'ARAS 3, BGN CHANCERY PLACE, JLN DIPLOMATIK 2, PRESINT DIPLOMATIK', '62542', 'PUTRAJAYA', 0, 0, '', 'Azmi', '0388905776 / 78', 'S', 0, '', '0000-00-00 00:00:00', '', '2013-04-07 07:01:02', NULL),
(314, 71200, 'JPN JENGKA', 'JPN', 'JAB PENDAFTARAN NEGARA,', 'BDR TUN ABD RAZAK JENGKA', ' NO. 6, LORONG JED 2, NADI KOTA', '26400', ' PAHANG', 0, 0, '', 'Azmi', '94662343', 'L', 0, '', '0000-00-00 00:00:00', '', '2013-04-07 07:01:02', NULL),
(315, 81100, 'JPN LENGGONG', 'JPN', 'JABATAN PENDAFTARAN NEGARA, DAERAH KECIL LENGGONG', 'ARAS BAWAH, BLOK A, PEJ MINI KDN, JLN BESAR,', '', '33400', 'PERAK', 0, 0, '', 'Azmi', '57677981', 'M', 0, '', '0000-00-00 00:00:00', '', '2013-04-07 07:01:02', NULL),
(316, 21700, 'JPN PAGOH', 'JPN', 'JABATAN PENDAFTARAN NEGARA DAERAH PAGOH', 'NO 12, JLN JAYA 1/5, ', 'TMN PAGOH JAYA, 8', '84600', 'JOHOR', 0, 0, '', 'Azmi', '069736717/97367', 'L', 0, '', '0000-00-00 00:00:00', '', '2013-04-07 07:01:02', NULL),
(317, 131700, 'JPN PELABUHAN KELANG', 'JPN', 'JABATAN PENDAFTARAN NEGARA, CAW. PELABUHAN KELANG', 'NO. 22 & 24, TKT BAWAH, BGN HARBOUR POINT, JLN SG AUR/KS4', '', '42000', 'SELANGOR', 0, 0, '', 'Azmi', '331684437', 'L', 0, '', '0000-00-00 00:00:00', '', '2013-04-07 07:01:02', NULL),
(318, 40300, 'JPN KUALA KRAI', 'JPN', 'JABATAN PENDAFTARAN NEGARA DAERAH KUALA KRAI', 'BGN PERSEKUTUAN', '', '18333', 'KELANTAN', 0, 0, '', 'Azmi', '99666150', 'L', 0, '', '0000-00-00 00:00:00', '', '2013-04-07 07:01:02', NULL),
(319, 20400, 'JPN KOTA TINGGI', 'JPN', 'JABATAN PENDAFTARAN NEGARA DAERAH KOTA TINGGI', 'WISMA KT YAP, LOT 546, JALAN ABDULLAH,', '', '81900', ' JOHOR', 0, 0, '', 'Azmi', '078831369/88323', 'L', 0, '', '0000-00-00 00:00:00', '', '2013-04-07 07:01:02', NULL),
(320, 100200, 'JPN S.PERAI SELATAN (JPN N.TEBAL) (JPN NIBONG TEBA', 'JPN', 'JABATAN PENDAFTARAN NEGARA SBRG PERAI (SELATAN)', 'TKT BAWAH, BLOK B, KOMP. PEJ. KERAJAAN JAWI,', '', '14200', 'PULAU PINANG', 0, 0, '', 'Azmi', '45822951', 'L', 0, '', '0000-00-00 00:00:00', '', '2013-04-07 07:01:02', NULL),
(321, 80100, 'JPN PERAK (JPN IPOH)', 'JPN', 'JABATAN PENDAFTARAN NEGARA', 'ARAS 3 & 4, KOMP. PEJABAT, KDN', ' PERSIARAN MERU UTAMA, BDR MERU RAYA', '30020', 'PERAK', 0, 0, '', 'Azmi', '055288805 / 06', 'X', 0, '', '0000-00-00 00:00:00', '', '2013-04-07 07:01:02', NULL),
(322, 100200, 'JPM DUSUN DATO'' MURAD (MELAKA)', 'JPM', 'PENJARA PRA BEBAS', '', 'DUSUN DATO'' MURAD', '75450', 'MELAKA', 0, 0, '', 'Azmi', '062823428 / 231', 'S', 0, '', '0000-00-00 00:00:00', '', '2013-04-07 07:01:02', NULL),
(323, 260500, 'AADK N.SEMBILAN', 'AADK', 'AGENSI ANTIDADAH KEBANGSAAN, NEGERI SEMBILAN', 'KEMENTERIAN DALAM NEGERI', 'TINGKAT 11, WISMA MAA, NO.1, JALAN LINTANG', '70200', 'NEGERI SEMBILAN', 0, 0, '', 'Azmi', '067630875 / 067', 'S', 0, '', '0000-00-00 00:00:00', '', '2013-04-07 07:01:02', NULL),
(324, 61200, 'BHG KAWALAN FILEM CAWANGAN PULAU PINANG', 'KDN', 'BAHAGIAN KAWALAN PENAPISAN FILEM DAN PENGUATKUASAAN', 'CAWANGAN PULAU PINANG', '7-04, 7-05, 7-06, TINGKAT 7, WISMA PANTAI, JALAN WISMA PANTAI', '12200', 'PULAU PINANG', 0, 0, '', 'Azmi', '43322784', 'S', 0, '', '0000-00-00 00:00:00', '', '2013-04-07 07:01:02', NULL),
(325, 30200, 'UPP KEDAH', 'KDN', 'IBU PEJABAT UPP NEGERI KEDAH', '', 'ARAS 4, BAHAGIAN KDN, BANDAR MU''ADZAM SHAH, MK ANAK BUKIT', '6550', 'KEDAH', 0, 0, '', 'Azmi', '047335233/73341', 'S', 0, '', '0000-00-00 00:00:00', '', '2013-04-07 07:01:02', NULL),
(326, 340201, 'TRAFIK BUKIT AMAN (KAD PINTAR) (BAYAR MELALUI INTE', 'PDRM', 'CAWANGAN TRAFIK BUKIT AMAN (KAD PINTAR)', 'POLIS DIRAJA MALAYSIA', '', '50560', 'WILAYAH PERSEKUTUAN KUALA LUMPUR', 0, 0, '', 'Fatimah', '322663376', 'X', 0, '', '0000-00-00 00:00:00', '', '2013-04-07 07:01:02', NULL),
(327, 21101, 'IPD JOHOR BAHRU UTARA', 'PDRM', 'IBU PEJABAT POLIS DAERAH JOHOR BAHRU UTARA', 'POLIS DIRAJA MALAYSIA', '', '81300', 'JOHOR', 0, 0, '', 'Fatimah', '75561222', 'X', 0, '', '0000-00-00 00:00:00', '', '2013-04-07 07:01:02', NULL),
(328, 90701, 'IPD SEBERANG PERAI SELATAN  (IPD NIBONG TEBAL)', 'PDRM', 'IBU PEJABAT POLIS DAERAH SEBERANG PERAI SELATAN', 'POLIS DIRAJA MALAYSIA', '', '14200', 'PULAU PINANG', 0, 0, '', 'Fatimah', '45824222', 'L', 0, '', '0000-00-00 00:00:00', '', '2013-04-07 07:01:02', NULL),
(329, 40701, 'IPD PASIR MAS', 'PDRM', 'IBU PEJABAT POLIS DAERAH PASIR MAS', 'POLIS DIRAJA MALAYSIA', '', '17000', 'KELANTAN', 0, 0, '', 'Fatimah', '97932222', 'L', 0, '', '0000-00-00 00:00:00', '', '2013-04-07 07:01:02', NULL),
(330, 140205, 'CAW TRAFIK BUKIT AMAN (E-POS)', 'PDRM', 'CAWANGAN TRAFIK BUKIT AMAN (E-POS)', 'POLIS DIRAJA MALAYSIA', '', '50560', 'WILAYAH PERSEKUTUAN KUALA LUMPUR', 0, 0, '', 'Fatimah', '322663376', 'L', 0, '', '0000-00-00 00:00:00', '', '2013-04-07 07:01:02', NULL),
(331, 152003, 'P.G.A. SIMPANG RENGGAM (BN 5)', 'PDRM', 'PASUKAN GERAKAN AM SIMPANG RENGGAM (BN5)', '', '', '86200', 'JOHOR', 0, 0, '', 'Fatimah', '77557280', 'S', 0, '', '0000-00-00 00:00:00', '', '2013-04-07 07:01:02', NULL),
(332, 80500, 'JIM PULAU TIOMAN', 'JIM', 'JABATAN IMIGRESEN MALAYSIA NEGERI PAHANG,', 'PEJABAT IMIGRESEN PULAU TIOMAN,', 'KOMPLEKS KHEDN PULAU TIOMAN, KAMPONG TEKEK,', '26800', 'PAHANG', 0, 0, '', 'Fatimah', '94191269', 'S', 0, '', '0000-00-00 00:00:00', '', '2013-04-07 07:01:02', NULL),
(333, 110200, 'JIM GEORGETOWN', 'JIM', 'JABATAN IMIGRESEN MALAYSIA, NEGERI PULAU PINANG,', 'CAWANGAN GEORGETOWN,', '', '10550', 'PULAU PINANG', 0, 0, '', 'Fatimah', '42503422', 'X', 0, '', '0000-00-00 00:00:00', '', '2013-04-07 07:01:02', NULL),
(334, 80300, 'JIM RAUB', 'JIM', 'JABATAN IMIGRESEN MALAYSIA, NEGERI PAHANG,', 'PEJABAT IMIGRESEN RAUB,', 'TINGKAT BAWAH, BANGUNAN GUNASAMA PERSEKUTUAN, JALAN TENGKU ABDUL SAMAD,', '27600', 'PAHANG', 0, 0, '', 'Fatimah', '93551591', 'L', 0, '', '0000-00-00 00:00:00', '', '2013-04-07 07:01:02', NULL),
(335, 150100, 'JPP PERLIS', 'JPP', 'JABATAN PENDAFTARAN PERTUBUHAN MALAYSIA NEGERI PERLI', 'ARAS 1 KOMPLEKS KDN NEGERI PERLIS', 'PERSIARAN WAWASAN ', '1000', ' PERLIS', 0, 0, '', 'Fatimah', '049778290 / 732', 'S', 0, '', '0000-00-00 00:00:00', '', '0000-00-00 00:00:00', NULL),
(336, 150700, 'JPN KAD PINTAR (MAJU JUNCTION)', 'JPN', 'JABATAN PENDAFTARAN NEGARA WILAYAH PERSEKUTUAN KUALA LUMPU', 'ARAS G KOMPLEKS KEMENTERIAN DALAM NEGERI ', 'JALAN SRI HARTAMAS 1 OFF JALAN DUTAMAS 1', '50551', 'KUALA LUMPUR', 0, 0, '', 'Fatimah', '362057600', 'X', 0, '', '0000-00-00 00:00:00', '', '0000-00-00 00:00:00', NULL),
(337, 90100, 'JPN PERLIS', 'JPN', 'JABATAN PENDAFTARAN NEGARA NEGERI PERLIS', 'ARAS G KOMPLEKS KDN NEGERI PERLIS', 'PERSIARAN WAWASAN ', '1000', ' PERLIS', 0, 0, '', 'Fatimah', '49795200', 'L', 0, '', '0000-00-00 00:00:00', '', '0000-00-00 00:00:00', NULL),
(338, 31200, 'JPN POKOK SENA', 'JPN', 'JABATAN PENDAFTARAN NEGARA DAERAH POKOK SENA', ' NO 6 PEKAN BANDAR BARU', '', '6000', 'KEDAH', 0, 0, '', 'Fatimah', '47821997', 'L', 0, '', '0000-00-00 00:00:00', '', '0000-00-00 00:00:00', NULL),
(339, 21400, 'JPN TANGKAK', 'JPN', 'JABATAN PENDAFTARAN NEGARA DAERAH LEDANG', ' JALAN DATARAN 2', '', '84900', 'JOHOR', 0, 0, '', 'Fatimah', '69782527', 'L', 0, '', '0000-00-00 00:00:00', '', '0000-00-00 00:00:00', NULL),
(340, 131500, 'JPN SERI KEMBANGAN (KAD PINTAR)', 'JPN', 'JABATAN PENDAFTARAN NEGARA CAWANGAN SERI KEMBANGAN', ' LOT 3340 & 3341 JALAN 18/32', 'TAMAN SRI SERDANG ', '43300', 'SELANGOR', 0, 0, '', 'Fatimah', '389416524', 'L', 0, '', '0000-00-00 00:00:00', '', '0000-00-00 00:00:00', NULL),
(341, 40400, 'JPN MACHANG', 'JPN', 'JABATAN PENDAFTARAN NEGARA  DAERAH MACHANG', 'KEMENTERIAN DALAM NEGERI ', 'KAMPUNG MEMBUNGA LEBUHRAYA MACHANG-PASIR PUTEH', '18500', 'KELANTAN', 0, 0, '', 'Fatimah', '99750140', 'L', 0, '', '0000-00-00 00:00:00', '', '0000-00-00 00:00:00', NULL),
(342, 30500, 'JPN KUBANG PASU', 'JPN', 'JABATAN PENDAFTARAN NEGARA DAERAH KUBANG PASU', 'ARAS 1, BANGUNAN TNB', ' ', '6000', 'KEDAH', 0, 0, '', 'Fatimah', '49171890', 'L', 0, '', '0000-00-00 00:00:00', '', '0000-00-00 00:00:00', NULL),
(343, 140900, 'JPN BANDAR AL-MUKTAFI BILLAH SHAH', 'JPN', 'JABATAN PENDAFTARAN NEGARA BANDAR AL MUKTAFI BILLAH SHAH', 'K-27 BANGUNAN KEDAI KETENGAH BANDAR AL-MUKTAFI BILLAH SHAH', '', '23400', 'TERENGGANU', 0, 0, '', 'Fatimah', '98223022', 'M', 0, '', '0000-00-00 00:00:00', '', '0000-00-00 00:00:00', NULL),
(344, 90200, 'JPM JELEBU', 'JPM', 'INSTITUSI PEMULIHAN DADAH ', 'JABATAN PENJARA MALAYSIA', '', '71650', 'NEGERI SEMBILAN', 0, 0, '', 'Fatimah', '', 'S', 0, '', '0000-00-00 00:00:00', '', '2013-04-07 07:01:02', NULL),
(345, 110300, 'JPM PUSAT PEMULIHAN AKHLAK (P.P.A. MUAR)', 'JPM', 'JABATAN PENJARA MALAYSIA', 'KEMENTERIAN DALAM NEGERI', 'PUSAT PEMULIHAN AKHLAK, JALAN SALLEH', '84000', 'JOHOR', 0, 0, '', 'Fatimah', '69522711', 'M', 0, '', '0000-00-00 00:00:00', '', '2013-04-07 07:01:02', NULL),
(346, 60700, 'BHG KAWALAN FILEM CAWANGAN JOHOR', 'KDN', 'KEMENTERIAN DALAM NEGERI, BAHAGIAN PENAPISAN FILEM DAN PENGUATKUASAAN', 'CAWANGAN JOHOR', 'ARAS 4, BLOK 1, KOMPLEKS KDN TAMAN SETIA TROPIKA, KEMPAS', '81200', 'JOHOR', 0, 0, '', 'Fatimah', '72344663', 'S', 0, '', '0000-00-00 00:00:00', '', '2013-04-07 07:01:02', NULL),
(347, 260800, 'AADK PERLIS', 'AADK', 'AGENSI ANTIDADAH KEBANGSAAN, NEGERI PERLIS', 'KEMENTERIAN DALAM NEGERI', 'TINGKAT 2, BANGUNAN PERSEKUTUAN LAMA', '1000', 'PERLIS', 0, 0, '', 'Fatimah', '49764603', 'S', 0, '', '0000-00-00 00:00:00', '', '2013-04-07 07:01:02', NULL),
(348, 40700, 'PUSPEN BUKIT MERTAJAM', 'AADK', 'KLINIK CURE & CARE 1MALAYSIA BUKIT MERTAJAM, ', 'AGENSI ANTIDADAH KEBANGSAAN, KEMENTERIAN DALAM NEGERI', 'JALAN KAMPUNG BARU', '14000', 'PULAU PINANG', 0, 0, '', 'Fatimah', '45386922', 'S', 0, '', '0000-00-00 00:00:00', '', '2013-04-07 07:01:02', NULL),
(349, 121601, 'IPD KLANG UTARA', 'PDRM', 'IBU PEJABAT POLIS DAERAH KLANG UTARA', 'POLIS DIRAJA MALAYSIA', 'JALAN HARAPAN 3A/KU7, BATU 7', '42200', 'SELANGOR', 0, 0, '', 'Fatimah', '332902222', 'L', 0, '', '0000-00-00 00:00:00', '', '2013-04-07 07:01:02', NULL),
(350, 41200, 'JPN CWGN RTC BANDAR BARU TUNJONG', 'JPN', 'JABATAN PENDAFTARAN NEGARA ', 'CAWANGAN RTC BANDAR BARU TUNJONG ', '', '16100', 'KELANTAN', 0, 0, '', 'Fatimah', '097430257 / 258', 'L', 0, '', '0000-00-00 00:00:00', '', '0000-00-00 00:00:00', NULL),
(351, 20601, 'IPD KOTA TINGGI', 'PDRM', 'IBU PEJABAT POLIS DAERAH KOTA TINGGI', 'POLIS DIRAJA MALAYSIA', 'JALAN SUNGAI SIPUT, KOTA KECHIL', '81900', 'JOHOR', 0, 0, '', 'CC Lin', '78831222', 'X', 0, '', '0000-00-00 00:00:00', '', '2013-04-07 07:01:02', NULL),
(352, 31701, 'IPD SIK', 'PDRM', 'IBU PEJABAT POLIS DAERAH SIK', 'POLIS DIRAJA MALAYSIA', 'JALAN BALAI PEKAN SIK', '8200', 'KEDAH', 0, 0, '', 'CC Lin', '44695222', 'L', 0, '', '0000-00-00 00:00:00', '', '2013-04-07 07:01:02', NULL),
(353, 130401, 'IPD DUNGUN', 'PDRM', 'IBU PEJABAT POLIS DAERAH DUNGUN', 'POLIS DIRAJA MALAYSIA', '', '23000', 'TERENGGANU', 0, 0, '', 'CC Lin', '98482222', 'L', 0, '', '0000-00-00 00:00:00', '', '2013-04-07 07:01:02', NULL),
(354, 81401, 'IPD LARUT MATANG (IPD TAIPING)', 'PDRM', '', 'POLIS DIRAJA MALAYSIA', '', '34000', 'PERAK', 0, 0, '', 'CC Lin', '58291222', 'L', 0, '', '0000-00-00 00:00:00', '', '2013-04-07 07:01:02', NULL),
(355, 71101, 'IPD MARAN', 'PDRM', 'IBU PEJABAT POLIS DAERAH MARAN', 'POLIS DIRAJA MALAYSIA', '', '26500', 'PAHANG', 0, 0, '', 'CC Lin', '94771222', 'L', 0, '', '0000-00-00 00:00:00', '', '2013-04-07 07:01:02', NULL),
(356, 60801, 'IPD TAMPIN', 'PDRM', 'IBU PEJABAT POLIS DAERAH TAMPIN', 'POLIS DIRAJA MALAYSIA', '', '73000', 'NEGERI SEMBILAN', 0, 0, '', 'CC Lin', '64411221', 'L', 0, '', '0000-00-00 00:00:00', '', '2013-04-07 07:01:02', NULL),
(357, 153001, 'P.G.A. BRIGED TENGGARA KUANTAN', 'PDRM', 'PASUKAN GERAKAN AM TENGGARA KUANTAN', 'POLIS DIRAJA MALAYSIA', '', '25990', 'PAHANG', 0, 0, '', 'CC Lin', '95657517', 'S', 0, '', '0000-00-00 00:00:00', '', '2013-04-07 07:01:02', NULL),
(358, 40700, 'JIM DURIAN BURUNG', 'JIM', 'JABATAN IMIGRESEN MALAYSIA, NEGERI KEDAH,', 'KOMPLEKS IMIGRESEN KOTA PUTRA,', 'BLOK C, TINGKAT 1, DURIAN BURUNG', '6300', 'KEDAH', 0, 0, '', 'CC Lin', '47793311', 'L', 0, '', '0000-00-00 00:00:00', '', '2013-04-07 07:01:02', NULL),
(359, 100200, 'JIM PADANG BESAR', 'JIM', 'JABATAN IMIGRESEN MALAYSIA, NEGERI PERLIS,', 'POS IMIGRESEN PADANG BESAR,', '', '2100', 'PERLIS.', 0, 0, '', 'CC Lin', '49490350', 'S', 0, '', '0000-00-00 00:00:00', '', '2013-04-07 07:01:02', NULL),
(360, 10700, 'JIM IBUPEJABAT (BHG VISA, PAS DAN PERMIT)', 'JIM', 'IBU PEJABAT JABATAN IMIGRESEN MALAYSIA', 'BAHAGIAN PAS, VISA DAN PERMIT', 'NO. 15, TINGKAT 3 (PODIUM), PERSIARAN PERDANA, PRESINT 2 ', '62550', 'WILAYAH PERSEKUTUAN PUTRAJAYA', 0, 0, '', 'CC Lin', '388801378', 'X', 0, '', '0000-00-00 00:00:00', '', '2013-04-07 07:01:02', NULL),
(361, 90100, 'JPP PAHANG', 'JPP', 'JABATAN PENDAFTARAN PERTUBUHAN MALAYSIA\nNEGERI PAHANG', 'TINGKAT 3, KOMPLEKS KDN', 'BANDAR INDERA MAHKOTA', '25200', 'PAHANG', 0, 0, '', 'CC Lin', '95733360', 'S', 0, '', '0000-00-00 00:00:00', '', '2013-04-07 07:01:02', NULL),
(362, 100300, 'JPN S.PERAI TENGAH (JPN B.MERTAJAM) (JPN BUKIT MER', 'JPN', 'JABATAN PENDAFTARAN NEGARA DAERAH SEBERANG PERAI TENGAH', ' TINGKAT BAWAH, WISMA TNB', 'NO. 1, JALAN PERDA BARAT', '14000', 'PULAU PINANG', 0, 0, '', 'CC Lin', '45382621', 'L', 0, '', '0000-00-00 00:00:00', '', '2013-04-07 07:01:02', NULL),
(363, 21300, 'JPN KULAI', 'JPN', 'JABATAN PENDAFTARAN NEGARA DAERAH KULAIJAYA', 'NO. 445, JALAN KENANGAN 29/11', ' TAMAN INDAHPURA', '81000', 'JOHOR', 0, 0, '', 'CC Lin', '76626637', 'L', 0, '', '0000-00-00 00:00:00', '', '2013-04-07 07:01:02', NULL),
(364, 80500, 'JPN KAMPAR', 'JPN', 'JABATAN PENDAFTARAN NEGARA DAERAH KAMPAR', 'NO. 12 JALAN IDRIS', '', '31900', 'PERAK', 0, 0, '', 'CC Lin', '54661773', 'L', 0, '', '0000-00-00 00:00:00', '', '2013-04-07 07:01:02', NULL),
(365, 100100, 'JPN PULAU PINANG', 'JPN', 'JABATAN PENDAFTARAN NEGARA', 'ARAS 3, BANGUNAN PERSEKUTUAN', ' JALAN ANSON', '10400', ' PULAU PINANG', 0, 0, '', 'CC Lin', '42265161', 'X', 0, '', '0000-00-00 00:00:00', '', '2013-04-07 07:01:02', NULL),
(366, 60400, 'JPN KUALA PILAH', 'JPN', 'JABATAN PENDAFTARAN NEGARA DAERAH KUALA PILAH', 'LOT 3170 JALAN MELANG,', '', '72000', 'NEGERI SEMBILAN', 0, 0, '', 'CC Lin', '64811663', 'L', 0, '', '0000-00-00 00:00:00', '', '2013-04-07 07:01:02', NULL),
(367, 81500, 'JPN SUNGAI SIPUT UTARA (SSU)', 'JPN', 'JABATAN PENDAFTARAN NEGARA DAERAH KECIL SG. SIPUT (UTARA)', 'NO. 477 & 478, JALAN 1, ', 'TAMAN HEAWOOD', '31100', 'PERAK', 0, 0, '', 'CC Lin', '55984844', 'L', 0, '', '0000-00-00 00:00:00', '', '2013-04-07 07:01:02', NULL),
(368, 21000, 'JPN PONTIAN', 'JPN', 'JABATAN PENDAFTARAN NEGARA DAERAH PONTIAN', 'ARAS BAWAH, WISMA KARIAH,', 'NO. 349, JALAN PEJABAT', '82000', 'JOHOR', 0, 0, '', 'CC Lin', '76871348', 'L', 0, '', '0000-00-00 00:00:00', '', '2013-04-07 07:01:02', NULL),
(369, 20200, 'JPM SUNGAI PETANI', 'JPM', 'PENJARA SUNGAI PETANI', 'JABATAN PENJARA MALAYSIA', 'JALAN BADLISHAH', '8000', 'KEDAH', 0, 0, '', 'CC Lin', '44202020', 'M', 0, '', '0000-00-00 00:00:00', '', '2013-04-07 07:01:02', NULL),
(370, 130100, 'JPM MARANG', 'JPM', 'PENJARA MARANG', 'JABATAN PENJARA MALAYSIA', '', '21600', 'TERENGGANU', 0, 0, '', 'CC Lin', '98320200', 'S', 0, '', '0000-00-00 00:00:00', '', '2013-04-07 07:01:02', NULL);
INSERT INTO `ptj` (`id_ptj`, `kod_ptj`, `nama_ptj`, `nama_jabatan`, `alamat`, `alamat2`, `alamat3`, `poskod`, `negeri`, `id_negeri`, `id_daerah`, `nama_pegawai`, `nama_penyemak`, `no_telefon`, `saiz_ptj`, `id_pegawai_ptj`, `cipta_oleh`, `cipta_pada`, `kemaskini_oleh`, `kemaskini_pada`, `id_user`) VALUES
(371, 47700, 'PUSPEN SERDANG', 'AADK', 'CURE & CARE RAHABILITATION CENTRE (CCRC) SERDANG, ', 'AGENSI ANTIDADAH KEBANGSAAN, KEMENTERIAN DALAM NEGERI', 'JALAN KAMPUNG EE GUAN ', '9800', 'KEDAH', 0, 0, '', 'CC Lin', '44076138', 'M', 0, '', '0000-00-00 00:00:00', '', '2013-04-07 07:01:02', NULL),
(372, 41300, 'PUSPEN RAUB', 'AADK', 'CURE & CARE REHABILITATION CENTRE (CCRC) RAUB, ', 'AGENSI ANTIDADAH KEBANGSAAN MALAYSIA, KEMENTERIAN DALAM NEGERI,', 'KAMPUNG UDANG PATAH,', '27620', 'PAHANG', 0, 0, '', 'CC Lin', '93697455', 'S', 0, '', '0000-00-00 00:00:00', '', '2013-04-07 07:01:02', NULL),
(373, 261400, 'AADK KUALA LUMPUR', 'AADK', 'AGENSI ANTIDADAH KEBANGSAAN WILAYAH PERSEKUTUAN KUALA LUMPUR,', 'KEMENTERIAN DALAM NEGERI,', 'TINGKAT 4 & 5, BLOK C, KOMPLEKS PEJABAT KERAJAAN BUKIT PERDANA, JALAN DATO'' ONN,', '50546', 'WILAYAH PERSEKUTUAN KUALA LUMPUR', 0, 0, '', 'CC Lin', '320264627', 'S', 0, '', '0000-00-00 00:00:00', '', '2013-04-07 07:01:02', NULL),
(374, 49200, 'PUSAT LATIHAN AADK SUNGAI PETANI', 'AADK', 'PUSAT LATIHAN AADK SUNGAI PETANI', 'KEMENTERIAN DALAM NEGERI,', 'KM6, JALAN KUALA KETIL,', '8000', 'KEDAH', 0, 0, '', 'CC Lin', '44207881', 'S', 0, '', '0000-00-00 00:00:00', '', '2013-04-07 07:01:02', NULL),
(375, 145000, 'JIM SABAK BERNAM', 'JIM', 'JABATAN IMIGRESEN MALAYSIA, NEGERI SELANGOR,', 'CAWANGAN SABAK BERNAM,', 'KOMPLEKS PEJABAT DAERAH SUNGAI BESAR,', '45300', 'SELANGOR', 0, 0, '', 'CC Lin', '332243941', 'M', 0, '', '0000-00-00 00:00:00', '', '2013-04-07 07:01:02', NULL),
(376, 81601, 'IPD HILIR PERAK (IPD TELUK INTAN)', 'PDRM', 'IBU PEJABAT POLIS HILIR PERAK', 'POLIS DIRAJA MALAYSIA', 'BAHAGIAN LOGISTIK, CAWANGAN KEWANGAN', '36000', 'PERAK.', 0, 0, '', 'Ina', '56299222', 'L', 0, '', '0000-00-00 00:00:00', '', '2013-04-07 07:01:02', NULL),
(377, 50301, 'IPD ALOR GAJAH', 'PDRM', 'IBU PEJABAT POLIS DAERAH ALOR GAJAH', 'POLIS DIRAJA MALAYSIA', 'JALAN LESUNG BATU', '78000', 'MELAKA', 0, 0, '', 'Ina', '65562222', 'L', 0, '', '0000-00-00 00:00:00', '', '2013-04-07 07:01:02', NULL),
(378, 71201, 'IPD ROMPIN', 'PDRM', 'IBU PEJABAT POLIS DAERAH ROMPIN', 'POLIS DIRAJA MALAYSIA', '', '26800', 'PAHANG', 0, 0, '', 'Ina', '94145222', 'L', 0, '', '0000-00-00 00:00:00', '', '2013-04-07 07:01:02', NULL),
(379, 130801, 'IPD SETIU', 'PDRM', 'IBU PEJABAT POLIS DAERAH SETIU', 'POLIS DIRAJA MALAYSIA', 'BANDAR PERMAISURI SETIU ', '22100', 'TERENGGANU', 0, 0, '', 'Ina', '96098222', 'L', 0, '', '0000-00-00 00:00:00', '', '2013-04-07 07:01:02', NULL),
(380, 30201, 'KONTIJEN KEDAH (IPK KEDAH)', 'PDRM', 'IBU PEJABAT KONTINJEN KEDAH', 'POLIS DIRAJA MALAYSIA', 'JALAN STADIUM', '5560', 'KEDAH', 0, 0, '', 'Ina', '47741222', 'M', 0, '', '0000-00-00 00:00:00', '', '2013-04-07 07:01:02', NULL),
(381, 30301, 'IPD KOTA SETAR', 'PDRM', 'IBU PEJABAT POLIS DAERAH KOTA SETAR', 'POLIS DIRAJA MALAYSIA', '', '5100', 'KEDAH.', 0, 0, '', 'Ina', '47747222', 'X', 0, '', '0000-00-00 00:00:00', '', '2013-04-07 07:01:02', NULL),
(382, 152004, 'P.G.A. BN 6 BAKRI (MUAR)', 'PDRM', 'IBU PEJABAT PASUKAN GERAKAN AM, BAKRI (BN6)', 'POLIS DIRAJA MALAYSIA', '', '84200', 'JOHOR', 0, 0, '', 'Ina', '069866121 / 122', 'S', 0, '', '0000-00-00 00:00:00', '', '2013-04-07 07:01:02', NULL),
(383, 11900, 'JIM PEKERJA ASING (Myeg Services)', 'JIM', 'IBU PEJABAT JABATAN IMIGRESEN MALAYSIA', 'BAHAGIAN PEKERJA ASING (MYEG SERVICES)', 'NO. 15, TINGKAT 2 (PODIUM), PERSIARAN PERDANA, PRESINT 2 ', '62550', 'WILAYAH PERSEKUTUAN PUTRAJAYA', 0, 0, '', 'Ina', '388801000', 'S', 0, '', '0000-00-00 00:00:00', '', '2013-04-07 07:01:02', NULL),
(384, 140300, 'JIM PELABUHAN KLANG', 'JIM', 'JABATAN IMIGRESEN MALAYSIA, NEGERI SELANGOR, CAWANGAN PELABUHAN KLANG', 'LOT. 6, JALAN DEPOH, SEKSYEN 15,', 'BANDAR PELABUHAN KLANG,', '42000', 'SELANGOR', 0, 0, '', 'Ina', '0331688166 / 01', 'X', 0, '', '0000-00-00 00:00:00', '', '2013-04-07 07:01:02', NULL),
(385, 60100, 'JPP MELAKA', 'JPP', 'JABATAN PENDAFTARAN PERTUBUHAN NEGERI MELAKA', ' ARAS 4 BLOK PENTADBIRAN  KOMPLEKS KEMENTERIAN DALAM NEGERI ', 'JALAN SERI NEGERI , HANG TUAH JAYA', '75450', ' MELAKA', 0, 0, '', 'Ina', '62324180', 'M', 0, '', '0000-00-00 00:00:00', '', '0000-00-00 00:00:00', NULL),
(386, 140400, 'JPN HULU TERENGGANU (JPN KUALA BERANG) (JPN K.BERA', 'JPN', 'JABATAN PENDAFTARAN NEGARA DAERAH HULU TERENGGANU', '', '', '21700', 'TERENGGANU', 0, 0, '', 'Ina', '96812620', 'L', 0, '', '0000-00-00 00:00:00', '', '0000-00-00 00:00:00', NULL),
(387, 130800, 'JPN SABAK BERNAM', 'JPN', 'JABATAN PENDAFTARAN NEGARA MALAYSIA                                        DAERAH SABAK BERNAM', 'KEMENTERIAN DALAM NEGERI, D/A KOMPLEKS PEJABAT DAERAH ', '', '45300', 'SELANGOR', 0, 0, '', 'Ina', '332241325', 'L', 0, '', '0000-00-00 00:00:00', '', '0000-00-00 00:00:00', NULL),
(388, 70900, 'JPN ROMPIN', 'JPN', 'JABATAN PENDAFTARAN NEGARA MALAYSIA', 'KEMENTERIAN DALAM NEGERI DAERAH ROMPIN', 'TINGKAT BAWAH BANGUNAN PEJABAT DAERAH LAMA', '26800', 'PAHANG', 0, 0, '', 'Ina', '94145411', 'L', 0, '', '0000-00-00 00:00:00', '', '0000-00-00 00:00:00', NULL),
(389, 81000, 'JPN PENGKALAN HULU', 'JPN', 'JABATAN PENDAFTARAN NEGARA DAERAH KECIL PENGKALAN HULU', 'BANGUNAN PEJABAT DAERAH', '', '33100', 'PERAK', 0, 0, '', 'Ina', '44778434', 'L', 0, '', '0000-00-00 00:00:00', '', '0000-00-00 00:00:00', NULL),
(390, 131300, 'JPN KELANG', 'JPN', 'JABATAN PENDAFTARAN NEGARA DAERAH KLANG', 'TINGKAT 2 BANGUNAN LEMBAGA TABUNG HAJI JALAN KAPAR', '', '41400', ' SELANGOR', 0, 0, '', 'Ina', '333421455', 'X', 0, '', '0000-00-00 00:00:00', '', '0000-00-00 00:00:00', NULL),
(391, 150800, 'JPN MALURI (KAD PINTAR)', 'JPN', 'JABATAN PENDAFTARAN NEGARA TAMAN MALURI', 'LOT 154.1.7 - 154.1.10 KOMPLEKS MALURI', 'JALAN JEJEKA TAMAN MALURI CHERAS', '55100', 'KUALA LUMPUR', 0, 0, '', 'Ina', '392858264', 'L', 0, '', '0000-00-00 00:00:00', '', '0000-00-00 00:00:00', NULL),
(392, 81600, 'JPN TAIPING', 'JPN', 'JABATAN PENDAFTARAN NEGARA MALAYSIA DAERAH LARUT MATANG & SELAMA', 'TINGKAT 1 WISMA PERSEKUTUAN JALAN ISTANA LARUT', '', '34000', ' PERAK', 0, 0, '', 'Ina', '58072411', 'L', 0, '', '0000-00-00 00:00:00', '', '0000-00-00 00:00:00', NULL),
(393, 140400, 'JPM BENTONG', 'JPM', 'JABATAN PENJARA MALAYSIA', 'KEMENTERIAN DALAM NEGERI', 'PENJARA BETONG, KARAK', '28600', 'PAHANG', 0, 0, '', 'Ina', '92210111', 'L', 0, '', '0000-00-00 00:00:00', '', '2013-04-07 07:01:02', NULL),
(394, 50100, 'JPM SUNGAI BULOH', 'JPM', 'JABATAN PENJARA MALAYSIA', 'PENJARA SUNGAI BULOH', '', '47000', 'SELANGOR', 0, 0, '', 'Ina', '0360384690/91/ ', 'S', 0, '', '0000-00-00 00:00:00', '', '2013-04-07 07:01:02', NULL),
(395, 40600, 'PUSPEN PERLOP', 'AADK', 'CURE AND CARE REHABILITATION CETRE (CCRC) PERLOP, ', 'AGENSI ANTIDADAH KEBANGSAAN', 'KEMENTERIAN DALAM NEGERI', '31110', 'PERAK', 0, 0, '', 'Ina', '055911686 / 055', 'S', 0, '', '0000-00-00 00:00:00', '', '2013-04-07 07:01:02', NULL),
(396, 260200, 'AADK KEDAH', 'AADK', 'AGENSI ANTIDADAH KEBANGSAAN NEGERI KEDAH, KEMENTERIAN DALAM NEGERI', 'TINGKAT 3, BANGUNAN KEMENTERIAN DALAM NEGERI,', 'PUSAT PENTADBIRAN KERAJAAN PERSEKUTUAN BANDAR MU''ADZAM SHAH', '6550', 'KEDAH', 0, 0, '', 'Ina', '', 'S', 0, '', '0000-00-00 00:00:00', '', '2013-04-07 07:01:02', NULL),
(397, 45300, 'PUSPEN KARAK', 'AADK', 'CURE AND CARE REHABILITION CENTRE (CCRC) KARAK, ', 'AGENSI ANTIDADAH KEBANGSAAN, ', 'KEMENTERIAN DALAM NEGERI,  ', '28600', 'PAHANG', 0, 0, '', 'Ina', '092312054 / 092', 'S', 0, '', '0000-00-00 00:00:00', '', '2013-04-07 07:01:02', NULL),
(398, 20100, 'JPAM NEGERI KEDAH', 'JPAM', 'JABATAN PERTAHANAN AWAM MALAYSIA, NEGERI KEDAH', 'KEMENTERIAN DALAM NEGERI', 'TINGKAT 6, WISMA PERSEKUTUAN ', '5000', 'KEDAH', 0, 0, '', 'Ina', '47205580', 'S', 0, '', '0000-00-00 00:00:00', '', '2013-04-07 07:01:02', NULL),
(399, 70100, 'JIM N.SEMBILAN (IBUPEJABAT)', 'JIM', 'JABATAN IMIGRESEN MALAYSIA NEGERI SEMBILAN,', 'TINGKAT 4, WISMA PERSEKUTUAN,', 'JALAN DATO'' ABDUL KADIR,', '70000', 'NEGERI SEMBILAN', 0, 0, '', 'Ina', '067620000 / 067', 'X', 0, '', '0000-00-00 00:00:00', '', '2013-04-07 07:01:02', NULL),
(400, 132300, 'JPN CAWANGAN SUNGAI PELEK (SEPANG)', 'JPN', 'JABATAN PENDAFTARAN NEGARA CAWANGAN SUNGAI PELEK', 'NO 7 JALAN TENTERAM', '', '43950', 'SELANGOR', 0, 0, '', 'Ina', '331422754', 'L', 0, '', '0000-00-00 00:00:00', '', '0000-00-00 00:00:00', NULL),
(401, 70601, 'IPD KUANTAN', 'PDRM', 'IBU PEJABAT POLIS DAERAH KUANTAN', 'POLIS DIRAJA MALAYSIA', 'JALAN MAHKOTA', '25000', 'PAHANG', 0, 0, '', 'CC Ton', '95652222', 'X', 0, '', '0000-00-00 00:00:00', '', '2013-04-07 07:01:02', NULL),
(402, 170401, 'IPD PADANG BESAR', 'PDRM', 'IBU PEJABAT POLIS DAERAH PADANG BESAR', 'POLIS DIRAJA MALAYSIA', '', '2100', 'PERLIS.', 0, 0, '', 'CC Ton', '49490824', 'L', 0, '', '0000-00-00 00:00:00', '', '2013-04-07 07:01:02', NULL),
(403, 120601, 'IPD HULU SELANGOR (KKB)(KUALA KUBU BHARU)', 'PDRM', 'IBU PEJABAT POLIS DAERAH KUALA KUBU BAHRU', 'POLIS DIRAJA MALAYSIA', '', '44000', 'SELANGOR.', 0, 0, '', 'CC Ton', '360641221', 'L', 0, '', '0000-00-00 00:00:00', '', '2013-04-07 07:01:02', NULL),
(404, 20701, 'IPD MERSING', 'PDRM', 'IBU PEJABAT POLIS DAERAH MERSING', 'POLIS DIRAJA MALAYSIA', 'JALAN SULTANAH', '86800', 'JOHOR', 0, 0, '', 'CC Ton', '077992222 / 077', 'L', 0, '', '0000-00-00 00:00:00', '', '2013-04-07 07:01:02', NULL),
(405, 80801, 'IPD HULU PERAK  (IPD PENGKALAN HULU)', 'PDRM', 'IBU PEJABAT POLIS DAERAH HULU PERAK', 'POLIS DIRAJA MALAYSIA', '', '33100', 'PERAK.', 0, 0, '', 'CC Ton', '44778222', 'M', 0, '', '0000-00-00 00:00:00', '', '2013-04-07 07:01:02', NULL),
(406, 20301, 'IPD MUAR', 'PDRM', 'IBU PEJABAT POLIS DAERAH MUAR', 'POLIS DIRAJA MALAYSIA', 'JALAN MARIAM', '84000', 'JOHOR', 0, 0, '', 'CC Ton', '69526222', 'L', 0, '', '0000-00-00 00:00:00', '', '2013-04-07 07:01:02', NULL),
(407, 160100, 'JIM WILAYAH PERSEKUTUAN (KL)', 'JIM', 'JABATAN IMIGRESEN MALAYSIA WILAYAH PERSEKUTUAN KUALA LUMPUR', 'ARAS LG, 1, 2 & 5, KOMPLEKS KEMENTERIAN DALAM NEGERI,', 'NO. 69, JALAN SRI HARTAMAS1, OFF JALAN DUTA,', '50480', 'WILAYAH PERSEKUTUAN KUALA LUMPUR', 0, 0, '', 'CC Ton', '320955077', 'X', 0, '', '0000-00-00 00:00:00', '', '2013-04-07 07:01:02', NULL),
(408, 150100, 'JIM TERENGGANU (IBUPEJABAT)', 'JIM', 'JABATAN IMIGRESEN MALAYSIA NEGERI TERENGGANU,', 'TINGKAT 1, WISMA PERSEKUTUAN,', 'JALAN SULTAN ISMAIL', '20200', 'TERENGGANU', 0, 0, '', 'CC Ton', '96221424', 'L', 0, '', '0000-00-00 00:00:00', '', '2013-04-07 07:01:02', NULL),
(409, 30400, 'JIM MERSING', 'JIM', 'JABATAN IMIGRESEN MALAYSIA NEGERI JOHOR,', 'CAWANGAN MERSING', 'JALAN ISMAIL', '86800', 'PERAK', 0, 0, '', 'CC Ton', '77991622', 'L', 0, '', '0000-00-00 00:00:00', '', '2013-04-07 07:01:02', NULL),
(410, 90400, 'JIM TAIPING', 'JIM', 'JABATAN IMIGRESEN MALAYSIA NEGERI PERAK,', 'CAWANGAN TAIPING', 'TINGKAT 1, WISMA PERSEKUTUAN, JALAN ISTANA LARUT,', '34000', 'PERAK', 0, 0, '', 'CC Ton', '58081631', 'X', 0, '', '0000-00-00 00:00:00', '', '2013-04-07 07:01:02', NULL),
(411, 70100, 'JPP JOHOR', 'JPP', 'JABATAN PENDAFTARAN PERTUBUHAN MALAYSIA NEGERI JOHOR', 'ARAS 5, BLOK 1, KOMPLEKS KEMENTERIAN DALAM NEGERI', 'TAMAN SETIA TROPIKA, KEMPAS', '81200', ' JOHOR ', 0, 0, '', 'CC Ton', '72361201', 'M', 0, '', '0000-00-00 00:00:00', '', '0000-00-00 00:00:00', NULL),
(412, 140800, 'JPN KERTEH', 'JPN', 'JABATAN PENDAFTARAN NEGARA, BANDAR BARU KERTEH', 'LOT 4, BANDAR SERI KERTEH', '', '24300', 'TERENGGANU', 0, 0, '', 'CC Ton', '98260180', 'L', 0, '', '0000-00-00 00:00:00', '', '0000-00-00 00:00:00', NULL),
(413, 30600, 'JPN KULIM', 'JPN', 'JABATAN PENDAFTARAN NEGARA, DAERAH KULIM', 'LOT 402, MUKIM SUNGAI ULAR, KILANG LAMA', '', '9000', 'KEDAH', 0, 0, '', 'CC Ton', '44911930', 'L', 0, '', '0000-00-00 00:00:00', '', '0000-00-00 00:00:00', NULL),
(414, 131900, 'JPN TAMAN MELAWATI', 'JPN', 'JABATAN PENDAFTARAN NEGARA, CAWANGAN TAMAN MELAWATI', 'LOT 301 & 302 MELAWATI SQUARE, LORONG PERAK', '', '53100', 'KUALA LUMPUR', 0, 0, '', 'CC Ton', '341089142', 'L', 0, '', '0000-00-00 00:00:00', '', '0000-00-00 00:00:00', NULL),
(415, 30200, 'JPN BALING', 'JPN', 'JABATAN PENDAFTARAN NEGARA, DAERAH BALING', ' LOT B, TINGKAT 1, BANGUNAN TABUNG HAJI', '', '9100', 'KEDAH', 0, 0, '', 'CC Ton', '44701477', 'L', 0, '', '0000-00-00 00:00:00', '', '0000-00-00 00:00:00', NULL),
(416, 80800, 'JPN BAGAN DATOH', 'JPN', 'JABATAN PENDAFTARAN NEGARA, DAERAH KECIL BAGAN DATOH', '', '', '36100', 'PERAK', 0, 0, '', 'CC Ton', '56466939', 'L', 0, '', '0000-00-00 00:00:00', '', '0000-00-00 00:00:00', NULL),
(417, 20300, 'JPN BATU PAHAT', 'JPN', 'JABATAN PENDAFTARAN NEGARA, DAERAH BATU PAHAT', 'TINGKAT 1, BANGUNAN PERSEKUTUAN, JALAN BAKAU CONDONG', '', '83000', 'JOHOR', 0, 0, '', 'CC Ton', '74241341', 'L', 0, '', '0000-00-00 00:00:00', '', '0000-00-00 00:00:00', NULL),
(418, 30100, 'JPN KEDAH (JPN ALOR SETAR) (JPN KOTA SETAR)', 'JPN', 'JABATAN PENDAFTARAN NEGARA, NEGERI KEDAH', 'KEMENTERIAN DALAM NEGERI, ARAS BAWAH DAN ARAS SATU, BANGUNAN KDN,KOMPLEKS PENTADBIRAN KERAJAAN PERSE', 'BANDAR MUADZAM SHAH ANAK BUKIT', '6550', 'KEDAH', 0, 0, '', 'CC Ton', '47314585', 'X', 0, '', '0000-00-00 00:00:00', '', '0000-00-00 00:00:00', NULL),
(419, 30500, 'PENJARA BARU SEBERANG PERAI PULAU PINANG', 'JPM', ' JABATAN PENJARA MALAYSIA', 'KEMENTERIAN DALAM NEGERI', 'KOMPLEKS PENJARA SEBERANG PERAI, JALAN KERIAN KEDAH', '14200', 'PULAU PINANG', 0, 0, '', 'CC Ton', '45858888', 'S', 0, '', '0000-00-00 00:00:00', '', '0000-00-00 00:00:00', NULL),
(420, 260600, 'AADK PAHANG', 'AADK', 'AGENSI ANTIDADAH KEBANGSAAN NEGERI PAHANG', 'KEMENTERIAN DALAM NEGERI', 'ARAS 5, KOMPLEKS KDN, BANDAR INDERA MAHKOTA', '25200', 'PAHANG', 0, 0, '', 'CC Ton', '95732848', 'S', 0, '', '0000-00-00 00:00:00', '', '2013-04-07 07:01:02', NULL),
(421, 61000, 'BHG KAWALAN FILEM CAWANGAN TERENGGANU', 'KDN', 'PENGARAH, BAHAGIAN KAWALAN PENAPISAN FILEM DAN PENGUATKUASAAN, ', 'CAWANGAN TERENGGANU', 'LOT 4656, JALAN SULTAN ZAINAL ABIDIN', '20000', 'TERENGGANU', 0, 0, '', 'CC Ton', '96301111', 'S', 0, '', '0000-00-00 00:00:00', '', '2013-04-07 07:01:02', NULL),
(422, 61100, 'BHG KAWALAN FILEM CAWANGAN PERAK', 'KDN', 'KEMENTERIAN DALAM NEGERI, BAHAGIAN PENAPISAN FILEM DAN PENGUATKUASAAN', 'CAWANGAN PERAK', 'ARAS 3, KOMPLEKS KDN, PERSIARAN MERU UTAMA, BANDAR MERU RAYA', '30020', 'PERAK', 0, 0, '', 'CC Ton', '55279002', 'S', 0, '', '0000-00-00 00:00:00', '', '2013-04-07 07:01:02', NULL),
(423, 50100, 'JPAM PERAK', 'JPAM', 'JABATAN PERTAHANAN AWAM MALAYSIA, NEGERI PERAK', '', 'ARAS 1, KOMPLEKS PEJABAT KEMENTERIAN DALAM NEGERI, PERSIARAN MERU UTAMA, BANDAR MERU RAYA JELAPANG', '30020', 'PERAK', 0, 0, '', 'CC Ton', '55278715', 'S', 0, '', '0000-00-00 00:00:00', '', '2013-04-07 07:01:02', NULL),
(424, 11000, 'JPN KAD PINTAR PUTRAJAYA (ePORTAL)', 'JPN', 'JABATAN PENDAFTARAN NEGARA MALAYSIA (IBU PEJABAT)', 'KEMENTERIAN DALAM NEGERI, BAHAGIAN KEWANGAN & PEMBANGUNAN ', 'ARAS 8, NO.20, PERSIARAN PERDANA, PRESINT 2, ', '62551', 'W.P. PUTRAJAYA', 0, 0, '', 'CC Ton', '388807181', 'S', 0, '', '0000-00-00 00:00:00', '', '0000-00-00 00:00:00', NULL),
(425, 330101, 'UNIT PENYELARAS MRSM PDRM KULIM', 'PDRM', 'UNIT PENYELARAS MRSM, PASUKAN GERAKAN AM', 'POLIS DIRAJA MALAYSIA', '', '9000', 'KEDAH', 0, 0, '', 'CC Ton', '44951787', 'S', 0, '', '0000-00-00 00:00:00', '', '2013-04-07 07:01:02', NULL),
(426, 50600, 'JPN CWGN UTC MELAKA', 'JPN', 'JABATAN PENDAFTARAN NEGARA', 'KEMENTERIAN DALAM NEGERI (CAWANGAN HOSPITAL TAR KLANG)', 'ARAS BAWAH, HOSPITAL TENGKU AMPUAN RAHIMAH KLANG, JALAN LANGAT', '41200', 'SELANGOR', 0, 0, '', 'Shima', '333701733', 'L', 0, '', '0000-00-00 00:00:00', '', '0000-00-00 00:00:00', NULL),
(427, 71001, 'IPD TEMERLOH', 'PDRM', 'IBU PEJABAT POLIS DAERAH TEMERLOH', 'POLIS DIRAJA MALAYSIA', '', '28000', 'PAHANG', 0, 0, '', 'Shima', '92961222', 'L', 0, '', '0000-00-00 00:00:00', '', '2013-04-07 07:01:02', NULL),
(428, 140206, 'KAUNTER TRAFIK COPS BUKIT AMAN', 'PDRM', 'CAWANGAN TRAFIK BUKIT AMAN', 'POLIS DIRAJA MALAYSIA', '', '50560', 'WILAYAH PERSEKUTUAN KUALA LUMPUR', 0, 0, '', 'Shima', '', 'X', 0, '', '0000-00-00 00:00:00', '', '2013-04-07 07:01:02', NULL),
(429, 120701, 'IPD KUALA LANGAT (BANTING)', 'PDRM', 'IBU PEJABAT POLIS DAERAH KUALA LANGAT (BANTING)', 'POLIS DIRAJA MALAYSIA', 'JALAN MORIB', '42700', 'SELANGOR.', 0, 0, '', 'Shima', '331872222', 'L', 0, '', '0000-00-00 00:00:00', '', '2013-04-07 07:01:02', NULL),
(430, 20201, 'IPK JOHOR', 'PDRM', 'IBU PEJABAT POLIS KONTINJEN JOHOR', 'POLIS DIRAJA MALAYSIA', 'JABATAN LOGISTIK (CAWANGAN KEWANGAN), JALAN TEBRAU', '80990', 'JOHOR', 0, 0, '', 'Shima', '72254422', 'S', 0, '', '0000-00-00 00:00:00', '', '2013-04-07 07:01:02', NULL),
(431, 21301, 'IPD SERI ALAM', 'PDRM', 'IBU PEJABAT POLIS DAERAH SERI ALAM', 'POLIS DIRAJA MALAYSIA', 'BANDAR SERI ALAM', '81750', 'JOHOR', 0, 0, '', 'Shima', '73883422', 'X', 0, '', '0000-00-00 00:00:00', '', '2013-04-07 07:01:02', NULL),
(432, 81201, 'IPD TANJONG MALIM (IPD SLIM RIVER)', 'PDRM', 'IBU PEJABAT POLIS DAERAH TANJONG MALIM', 'POLIS DIRAJA MALAYSIA', '', '35800', 'PERAK.', 0, 0, '', 'Shima', '05452 8222', 'L', 0, '', '0000-00-00 00:00:00', '', '2013-04-07 07:01:02', NULL),
(433, 81101, 'IPD LARUT MATANG (IPD SELAMA)', 'PDRM', 'IBU PEJABAT POLIS DAERAH  LARUT MATANG', 'POLIS DIRAJA MALAYSIA', '', '34100', 'PERAK.', 0, 0, '', 'Shima', '05839 4222', 'L', 0, '', '0000-00-00 00:00:00', '', '2013-04-07 07:01:02', NULL),
(434, 100400, 'JIM KUALA PERLIS', 'JIM', 'JABATAN IMIGRESEN MALAYSIA NEGERI PERLIS', 'POS IMIGRESEN KUALA PERLIS', '', '2000', 'PERLIS.', 0, 0, '', 'Shima', '04985 4221', 'S', 0, '', '0000-00-00 00:00:00', '', '2013-04-07 07:01:02', NULL),
(435, 80100, 'JIM PAHANG (IBUPEJABAT)', 'JIM', 'IBU PEJABAT IMIGRESEN', 'JABATAN IMIGRESEN MALAYSIA NEGERI PAHANG', 'BANDAR INDERA MAHKOTA', '25200', 'PAHANG', 0, 0, '', 'Shima', '09573 2200', 'X', 0, '', '0000-00-00 00:00:00', '', '2013-04-07 07:01:02', NULL),
(436, 120100, 'JPP N.SEMBILAN', 'JPP', 'JABATAN PENDAFTARAN PERTUBUHAN MALAYSIA\nNEGERI SEMBILAN', 'TINGKAT 6, BANGUNAN YAYASAN NEGERI SEMBILAN', 'JALAN YAM TUAN', '70000', 'NEGERI SEMBILAN', 0, 0, '', 'Shima', '06764 4639', 'S', 0, '', '0000-00-00 00:00:00', '', '2013-04-07 07:01:02', NULL),
(437, 50100, 'JPN MELAKA (JPN MELAKA TENGAH)', 'JPN', 'JABATAN PENDAFTARAN NEGARA MALAYSIA NEGERI MELAKA', 'ARAS 1, BLOK PENTADBIRAN \nKOMPLEKS KEMENTERIAN DALAM NEGERI', 'JALAN SERI NEGERI, HANG TUAH JAYA', '75450', ' MELAKA', 0, 0, '', 'Shima', '62326610', 'X', 0, '', '0000-00-00 00:00:00', '', '2013-04-07 07:01:02', NULL),
(438, 31100, 'JPN YAN', 'JPN', 'JABATAN PENDAFTARAN NEGARA\nDAERAH YAN', '', '', '8800', 'KEDAH', 0, 0, '', 'Shima', '44619490', 'L', 0, '', '0000-00-00 00:00:00', '', '2013-04-07 07:01:02', NULL),
(439, 40900, 'JPN JELI', 'JPN', 'JABATAN PENDAFTARAN NEGARA\nDAERAH JELI', 'JKR 119P BANGUNAN KERAJAAN PERSEKUTUAN', 'JALAN PEKELILING', '17600', 'KELANTAN', 0, 0, '', 'Shima', '99441323', 'L', 0, '', '0000-00-00 00:00:00', '', '2013-04-07 07:01:02', NULL),
(440, 151100, 'JPN KEPONG (KAD PINTAR)', 'JPN', 'JABATAN PENDAFTARAN NEGARA\nDAERAH KEPONG', 'LOT 2.01-2.07\nTINGKAT 2, KOMPLEKS DESA,', 'JALAN KEPONG', '56000', 'KUALA LUMPUR', 0, 0, '', 'Shima', '362747460', 'L', 0, '', '0000-00-00 00:00:00', '', '2013-04-07 07:01:02', NULL),
(441, 41000, 'JPN GUA MUSANG', 'JPN', 'JABATAN PENDAFTARAN NEGARA', 'KEMENTERIAN DALAM NEGERI\nDAERAH GUA MUSANG', '', '18300', 'KELANTAN', 0, 0, '', 'Shima', '09912 0260', 'L', 0, '', '0000-00-00 00:00:00', '', '2013-04-07 07:01:02', NULL),
(442, 30900, 'JPN PENDANG', 'JPN', 'JABATAN PENDAFTARAN NEGARA\nDAERAH PENDANG', 'LOT 7610, MUKIM AIR PUTIH', '', '6700', 'KEDAH', 0, 0, '', 'Shima', '04758 1121', 'L', 0, '', '0000-00-00 00:00:00', '', '2013-04-07 07:01:02', NULL),
(443, 100600, 'JPN BERTAM (KEPALA BATAS)', 'JPN', 'JABATAN PENDAFTARAN NEGARA MALAYSIA\nDAERAH SEBERANG PERAI UTARA (BERTAM)', 'WISMA PERSEKUTUAN SEBERANG PERAI UTARA\nARAS BAWAH, ZON A, ', 'JALAN BERTAM', '13200', 'PULAU PINANG', 0, 0, '', 'Shima', '04575 8143', 'L', 0, '', '0000-00-00 00:00:00', '', '2013-04-07 07:01:02', NULL),
(444, 10300, 'JPN MYEG SERVICES (KIOSK)', 'JPN', 'JABATAN PENDAFTARAN NEGARA MALAYSIA', 'KEMENTERIAN DALAM NEGERI\nBAHAGIAN KEWANGAN & PEMBANGUNAN', 'ARAS 8, NO.20, PERSIARAN PERDANA\nPRESINT 2', '62551', 'PUTRAJAYA', 0, 0, '', 'Shima', '038880 7008', 'M', 0, '', '0000-00-00 00:00:00', '', '2013-04-07 07:01:02', NULL),
(445, 60200, 'JPM MAKTAB PENJARA', 'JPM', 'JABATAN PENJARA MALAYSIA', 'MAKTAB PENJARA KAJANG', '', '43000', 'SELANGOR', 0, 0, '', 'Shima', '038739 4800', 'S', 0, '', '0000-00-00 00:00:00', '', '2013-04-07 07:01:02', NULL),
(446, 90100, 'JPM SEREMBAN', 'JPM', 'JABATAN PENJARA MALAYSIA', 'PENJARA SEREMBAN', 'JALAN MUTHU CUMARU', '70990', 'NEGERI SEMBILAN', 0, 0, '', 'Shima', '06765 2500', 'M', 0, '', '0000-00-00 00:00:00', '', '2013-04-07 07:01:02', NULL),
(447, 40200, 'PUSPEN TAMPOI', 'AADK', 'KLINIK CURE & CARE 1MALAYSIA TAMPOI, ', 'AGENSI ANTIDADAH KEBANGSAAN', 'KEMENTERIAN DALAM NEGERI', '81200', 'JOHOR', 0, 0, '', 'Shima', '07236 1711', 'S', 0, '', '0000-00-00 00:00:00', '', '2013-04-07 07:01:02', NULL),
(448, 60800, 'BHG KAWALAN FILEM CAWANGAN KELANTAN', 'KDN', 'KETUA CAWANGAN, BAHAGIAN KAWALAN FILEM ', 'CAWANGAN KELANTAN', 'TINGKAT 5, MENARA PERBADANAN JALAN TENGKU PETRA SEMERAK', '15000', 'KELANTAN', 0, 0, '', 'Shima', '09741 3220', 'S', 0, '', '0000-00-00 00:00:00', '', '2013-04-07 07:01:02', NULL),
(449, 45400, 'PUSPEN GAMBANG', 'AADK', 'PUSAT PEMULIHAN PENAGIHAN NARKOTIK (PUSPEN) GAMBANG, ', 'AGENSI ANTIDADAH KEBANGSAAN, KEMENTERIAN DALAM NEGERI', 'KM22, JALAN GAMBANG', '26070', 'PAHANG', 0, 0, '', 'Shima', '09539 6126', 'S', 0, '', '0000-00-00 00:00:00', '', '2013-04-07 07:01:02', NULL),
(450, 141000, 'JIM SEPANG', 'JIM', 'JABATAN IMIGRESEN MALAYSIA NEGERI SELANGOR', 'CAWANGAN SEPANG', 'NO. 7, JALAN TENTERAM 1, TAMAN TENTERAM,', '43950', 'SELANGOR.', 0, 0, '', 'Shima', '033141 3152', 'L', 0, '', '0000-00-00 00:00:00', '', '2013-04-07 07:01:02', NULL),
(451, 70200, 'JIM PORT DICKSON', 'JIM', 'JABATAN IMIGRESEN MALAYSIA NEGERI SEMBILAN, ', 'PEJABAT IMIGRESEN PORT DICKSON,', ' LOT 2295, JALAN LAMA,', '71000', 'NEGERI SEMBILAN', 0, 0, '', 'Siti', '09741 3220', 'L', 0, '', '0000-00-00 00:00:00', '', '2013-04-07 07:01:02', NULL),
(452, 153003, 'P.G.A BN.8 PENGKALAN CHEPA', 'PDRM', 'PASUKAN GERAKAN AM PENGKALAN CHEPA (BN8)', 'POLIS DIRAJA MALAYSIA', '', '16100', 'KELANTAN', 0, 0, '', 'Siti', '97737200', 'S', 0, '', '0000-00-00 00:00:00', '', '2013-04-07 07:01:02', NULL),
(453, 40500, 'JIM KULIM', 'JIM', 'JABATAN IMIGRESEN MALAYSIA NEGERI KEDAH, ', 'CAWANGAN KULIM', 'NO. 200, 200A, 201 & 201A, TAMAN SELUANG,', '9000', 'KEDAH', 0, 0, '', 'Siti', '44903705', 'L', 0, '', '0000-00-00 00:00:00', '', '2013-04-07 07:01:02', NULL),
(454, 81301, 'IPD MANJUNG (IPD LUMUT)', 'PDRM', 'IBU PEJABAT POLIS DAERAH MANJUNG', 'POLIS DIRAJA MALAYSIA', ' JALAN DATO SERI KAMARUDIN, ', '32040', 'PERAK.', 0, 0, '', 'Siti', '56899222', 'L', 0, '', '0000-00-00 00:00:00', '', '2013-04-07 07:01:02', NULL),
(455, 47600, 'PUSPEN KAMPUNG SELAMAT', 'AADK', 'PUSPEN KAMPUNG SELAMAT, ', 'AGENSI ANTIDADAH KEBANGSAAN', 'KEMENTERIAN DALAM NEGERI', '13300', 'PULAU PINANG', 0, 0, '', 'Siti', '045733 584', 'S', 0, '', '0000-00-00 00:00:00', '', '2013-04-07 07:01:02', NULL),
(456, 80700, 'JPN TANJUNG MALIM', 'JPN', 'JABATAN PENDAFTARAN NEGARA MALAYSIA, DAERAH KECIL TANJONG MALIM', ' TINGKAT ATAS BANGUNAN STESYEN BAS', '', '35900', 'PERAK', 0, 0, '', 'Siti', '54597232', 'L', 0, '', '0000-00-00 00:00:00', '', '2013-04-07 07:01:02', NULL),
(457, 90300, 'JIM TELUK INTAN', 'JIM', 'JABATAN IMIGRESEN MALAYSIA NEGERI PERAK,  CAWANGAN TELUK INTAN,', 'TINGKAT 2, BANGUNAN PERSEKUTUAN,', 'JALAN CHANGKAT JONG,', '36000', 'PERAK', 0, 0, '', 'Siti', '56251232', 'L', 0, '', '0000-00-00 00:00:00', '', '2013-04-07 07:01:02', NULL),
(458, 140400, 'JIM KLIA', 'JIM', 'JABATAN IMIGRESEN MALAYSIA NEGERI SELANGOR', 'CAWANGAN KLIA', 'TINGKAT BAWAH, AIRPORT MANAGEMENT CENTRE,', '64000', 'SELANGOR', 0, 0, '', 'Siti', '387768007', 'X', 0, '', '0000-00-00 00:00:00', '', '2013-04-07 07:01:02', NULL),
(459, 31601, 'IPD YAN', 'PDRM', 'IBU PEJABAT POLIS DAERAH YAN', 'POLIS DIRAJA MALAYSIA', 'JALAN RAYA YAN', '6900', 'KEDAH', 0, 0, '', 'Siti', '44555222', 'L', 0, '', '0000-00-00 00:00:00', '', '2013-04-07 07:01:02', NULL),
(460, 30500, 'JIM KUKUP', 'JIM', 'JABATAN IMIGRESEN MALAYSIA NEGERI JOHOR, ', 'PEJABAT IMIGRESEN KUKUP', '', '82300', 'JOHOR', 0, 0, '', 'Siti', '76960388', 'L', 0, '', '0000-00-00 00:00:00', '', '2013-04-07 07:01:02', NULL),
(461, 80501, 'IPD IPOH', 'PDRM', 'IBU PEJABAT POLIS DAERAH IPOH', 'POLIS DIRAJA MALAYSIA', '', '30000', 'PERAK', 0, 0, '', 'Siti', '52451500', 'L', 0, '', '0000-00-00 00:00:00', '', '2013-04-07 07:01:02', NULL),
(462, 30400, 'JPN KUALA MUDA (JPN S.PETANI) (JPN SUNGAI PETANI)', 'JPN', 'JABATAN PENDAFTARAN NEGARA, DAERAH KUALA MUDA', 'TINGKAT 3, WISMA KELADI, ', '', '8000', 'KEDAH ', 0, 0, '', 'Siti', '044212 726 ', 'X', 0, '', '0000-00-00 00:00:00', '', '2013-04-07 07:01:02', NULL),
(463, 130100, 'JPP SELANGOR', 'JPP', 'JABATAN PENDAFTARAN PERTUBUHAN MALAYSIA NEGERI SELANGO', 'TINGKAT 16, WISMA MBSA', 'PERSIARAN PERBANDARAN', '40000', 'SELANGOR', 0, 0, '', 'Siti', '355106427', 'M', 0, '', '0000-00-00 00:00:00', '', '2013-04-07 07:01:02', NULL),
(464, 20100, 'JPM ALOR SETAR', 'JPM', 'JABATAN PENJARA MALAYSIA', 'PENJARA ALOR SETAR', 'JALAN SULTANAH', '5350', 'KEDAH', 0, 0, '', 'Siti', '47302544', 'M', 0, '', '0000-00-00 00:00:00', '', '2013-04-07 07:01:02', NULL),
(465, 80100, 'JPP TERENGGANU', 'JPP', 'JABATAN PENDAFTARAN PERTUBUHAN NEGERI TERENGGANU', 'NO. 4 – 9, TINGKAT 1, WISMA PELADANG TERENGGANU, (HADAPAN MYDIN MALL)', 'JALAN SULTAN MUHAMMAD', '21100', 'TERENGGANU', 0, 0, '', 'Siti', '96265885', 'S', 0, '', '0000-00-00 00:00:00', '', '2013-04-07 07:01:02', NULL),
(466, 151500, 'JPN CWGN UTC KUALA LUMPUR', 'JPN', 'JABATAN PENDAFTARAN NEGARA, CAWANGAN UTC KUALA LUMPUR', 'ARAS 2, WISMA UTC KUALA LUMPUR', ' JALAN PUDU (PUDU SENTRAL)', '55110', ' KUALA LUMPUR', 0, 0, '', 'Siti', '', 'X', 0, '', '0000-00-00 00:00:00', '', '2013-04-07 07:01:02', NULL),
(467, 40100, 'JPP KEDAH', 'JPP', 'JABATAN PENDAFTARAN PERTUBUHAN MALAYSIA, NEGERI KEDAH', ' ARAS 3, BANGUNAN KEMENTERIAN DALAM NEGERI, KOMPLEKS PENTADBIRAN KERAJAAN PERSEKUTUAN', 'BANDAR MU’ADZAM SHAH', '6550', 'KEDAH', 0, 0, '', 'Siti', '04731 2700', 'S', 0, '', '0000-00-00 00:00:00', '', '2013-04-07 07:01:02', NULL),
(468, 50500, 'JPN BANDAR ALOR GAJAH', 'JPN', 'JABATAN PENDAFTARAN NEGARA, CAWANGAN BANDAR ALOR GAJAH', ' KEMENTERIAN DALAM NEGERI NO. 3053, TINGKAT 1,', 'BANDAR ALOR GAJAH', '78000', 'MELAKA', 0, 0, '', 'Siti', '065563 055', 'L', 0, '', '0000-00-00 00:00:00', '', '2013-04-07 07:01:02', NULL),
(469, 110200, 'JPM SIMPANG RENGGAM', 'JPM', 'JABATAN PENJARA MALAYSIA', 'KEMENTERIAN DALAM NEGERI', 'PENJARA SIMPANG RENGGAM ', '86200', 'JOHOR', 0, 0, '', 'Siti', '77551658', 'M', 0, '', '0000-00-00 00:00:00', '', '2013-04-07 07:01:02', NULL),
(470, 100300, 'JPM SUNGAI UDANG (MELAKA)', 'JPM', 'JABATAN PENJARA MALAYSIA', 'PENJARA SUNGAI UDANG', 'LOT PT 1582, SG.UDANG', '76300', 'MELAKA', 0, 0, '', 'Siti', '063519 600', 'S', 0, '', '0000-00-00 00:00:00', '', '2013-04-07 07:01:02', NULL),
(471, 40400, 'PUSPEN TAMPIN', 'AADK', 'KLINIK CURE & CARE 1MALAYSIA (CCRC) TAMPIN, ', 'AGENSI ANTIDADAH KEBANGSAAN, KEMENTERIAN DALAM NEGERI', 'TAMPIN POS, PULAU SEBANG', '73000', 'MELAKA', 0, 0, '', 'Siti', '64411921', 'S', 0, '', '0000-00-00 00:00:00', '', '2013-04-07 07:01:02', NULL),
(472, 140204, 'EKL CAW TRAFIK BUKIT AMAN', 'PDRM', 'CAWANGAN TRAFIK BUKIT AMAN', 'POLIS DIRAJA MALAYSIA', '', '50560', 'WILAYAH PERSEKUTUAN KUALA LUMPUR', 0, 0, '', 'Siti', '032266 3376', 'S', 0, '', '0000-00-00 00:00:00', '', '2013-04-07 07:01:02', NULL),
(473, 121701, 'IPD SERDANG', 'PDRM', 'IBU PEJABAT POLIS DAERAH SERDANG', 'POLIS DIRAJA MALAYSIA', 'JALAN KINRARA 6, BANDAR KINRARA', '47180', 'SELANGOR.', 0, 0, '', 'Siti', '038948 4822', 'L', 0, '', '0000-00-00 00:00:00', '', '2013-04-07 07:01:02', NULL),
(474, 80700, 'JIM CAWANGAN PEKAN (PAHANG)', 'JIM', 'JABATAN IMIGRESEN MALAYSIA NEGERI PAHANG', 'CAWANGAN PEKAN', 'BANGUNAN KOMPLEKS PEJABAT-PEJABAT KERAJAAN', '26600', 'PAHANG', 0, 0, '', 'Siti', '94221066', 'M', 0, '', '0000-00-00 00:00:00', '', '2013-04-07 07:01:02', NULL),
(475, 60500, 'BHG KAWALAN FILEM KEDAH', 'KDN', 'KEMENTERIAN DALAM NEGERI, BAHAGIAN PENAPISAN FILEM DAN PENGUATKUASAAN', 'CAWANGAN KEDAH', 'ARAS 5, BANGUNAN KDN, KOMPLEKS PENTADBIRAN KERAJAAN PERSEKUTUAN, BANDAR MU''ADZAM SHAH', '6550', 'KEDAH', 0, 0, '', 'Siti', '', 'S', 0, '', '0000-00-00 00:00:00', '', '2013-04-07 07:01:02', NULL),
(476, 41800, 'PUSPEN JELEBU', 'AADK', 'PUSAT PEMULIHAN PENAGIHAN NARKOTIK (PUSPEN) JELEBU, ', 'AGENSI ANTIDADAH KEBANGSAAN MALAYSIA,', 'KEMENTERIAN DALAM NEGERI', '71650', 'NEGERI SEMBILAN', 0, 0, '', 'Shikin', '066111357 / 066', 'S', 0, '', '0000-00-00 00:00:00', '', '2013-04-07 07:01:02', NULL),
(477, 120400, 'PAROL DAN PERKHIDMATAN KOMUNITI NEGERI KELANTAN', 'JPM', 'PAROL DAN PERKHIDMATAN KOMUNITI NEGERI KELANTAN', 'JABATAN PENJARA MALAYSIA', 'JALAN MAKTAB PENGKALAN CHEPA', '16109', 'KELANTAN', 0, 0, '', 'Shikin', '97745280', 'S', 0, '', '0000-00-00 00:00:00', '', '0000-00-00 00:00:00', NULL),
(478, 120100, 'JABATAN PERTAHANAN AWAM NEGERI TERENGGANU', 'KDN', 'JABATAN PERTAHANAN AWAM, NEGERI TERENGGANU', 'JALAN LAPANGAN TERBANG', '', '21300', 'TERENGGANU', 0, 0, '', 'Shikin', '096672991 / ''09', 'S', 0, '', '0000-00-00 00:00:00', '', '0000-00-00 00:00:00', NULL),
(479, 41000, 'PUSPEN BACHOK (WANITA)', 'AADK', 'PUSAT PEMULIHAN PENAGIHAN NARKOTIK (PUSPEN) BACHOK,', 'AGENSI ANTIDADAH KEBANGSAAN MALAYSIA, KEMENTERIAN DALAM NEGERI', 'KM12, JALAN BACHOK-TOK BALI, TELONG', '16310', 'KELANTAN', 0, 0, '', 'Shikin', '97781101', 'S', 0, '', '0000-00-00 00:00:00', '', '2013-04-07 07:01:02', NULL),
(480, 142000, 'JIM PUCHONG', 'JIM', 'JABATAN IMIGRESEN MALAYSIA NEGERI SELANGOR, CAWANGAN PUCHONG,', 'NO. 67-69, JALAN PU 7/4, ', 'TAMAN PUCHONG UTAMA', '47100', 'SELANGOR', 0, 0, '', 'Shikin', '380605655', 'L', 0, '', '0000-00-00 00:00:00', '', '2013-04-07 07:01:02', NULL),
(481, 20901, 'IPD SEGAMAT', 'PDRM', 'IBU PEJABAT POLIS DAERAH SEGAMAT', 'POLIS DIRAJA MALAYSIA', 'JKR 90, JALAN IBRAHIM,', '85000', 'JOHOR', 0, 0, '', 'Shikin', '079312220 / 079', 'L', 0, '', '0000-00-00 00:00:00', '', '2013-04-07 07:01:02', NULL),
(482, 31001, 'IPD LANGKAWI', 'PDRM', 'IBU PEJABAT POLIS DAERAH LANGKAWI', 'POLIS DIRAJA MALAYSIA', 'JALAN AIR HANGAT', '7000', 'KEDAH.', 0, 0, '', 'Shikin', '49666222', 'L', 0, '', '0000-00-00 00:00:00', '', '2013-04-07 07:01:02', NULL),
(483, 70800, 'JPN RAUB', 'JPN', 'JABATAN PENDAFTARAN NEGARA, DAERAH RAUB', 'TINGKAT BAWAH, BANGUNAN GUNASAMA PERSEKUTUAN', 'JALAN TENGKU ABDUL SAMAD', '27600', 'PAHANG', 0, 0, '', 'Shikin', '93551336', 'L', 0, '', '0000-00-00 00:00:00', '', '0000-00-00 00:00:00', NULL),
(484, 60400, 'BAHAGIAN KAWALAN FILEM SELANGOR', 'KDN', 'BAHAGIAN KAWALAN PENAPISAN FILEM DAN PENGUATKUASAAN', 'KEMENTERIAN DALAM NEGERI, NEGERI SELANGOR', 'TINGKAT 3, BANGUNAN AFFIN BANK, LOT PRESINT 3.4, PERSIARAN PERBANDARAN, SEKSYEN 14', '40990', 'SELANGOR', 0, 0, '', 'Shikin', '355103259', 'S', 0, '', '0000-00-00 00:00:00', '', '2013-04-07 07:01:02', NULL),
(485, 61500, 'BAHAGIAN KAWALAN FILEM PERLIS', 'KDN', 'BAHAGIAN KAWALAN PENAPISAN FILEM DAN PENGUATKUASAAN', 'KEMENTERIAN DALAM NEGERI, NEGERI PERLIS', 'ARAS 1, WISMA KDN, PERSIARAN WAWASAN,', '1000', 'PERLIS', 0, 0, '', 'Shikin', '04''-9765791 / ''', 'S', 0, '', '0000-00-00 00:00:00', '', '2013-04-07 07:01:02', NULL),
(486, 350201, 'MAKTAB TEKNIK POLIS BAKRI MUAR ', 'PDRM', 'MAKTAB TEKNIK POLIS BAKRI MUAR', 'POLIS DIRAJA MALAYSIA', '', '84000', 'JOHOR', 0, 0, '', 'Shikin', '69895222', 'S', 0, '', '0000-00-00 00:00:00', '', '2013-04-07 07:01:02', NULL),
(487, 110100, 'JABATAN PERTAHANAN AWAM NEGERI KELANTAN', 'JPAM', 'JABATAN PERTAHANAN AWAM NEGERI KELANTAN', ' KEMENTERIAN DALAM NEGERI', 'ARAS 2, WISMA PERSEKUTUAN, JALAN BAYAM', '15200', 'KELANTAN', 0, 0, '', 'Shikin', '97416160', 'S', 0, '', '0000-00-00 00:00:00', '', '0000-00-00 00:00:00', NULL),
(488, 82200, 'JPN CAWANGAN UTC PERAK', 'JPN', 'JABATAN PENDAFTARAN NEGARA, CAWANGAN UTC PERAK', 'ARAS 4 PASAR BESAR IPOH, ', 'JALAN DATO'' ONN JAAFAR', '30300', 'PERAK', 0, 0, '', 'CC Ali', '', 'XL', 0, '', '0000-00-00 00:00:00', '', '2013-04-07 07:01:02', NULL),
(489, 90900, 'JIM CAWANGAN UTC PERAK', 'JIM', 'JABATAN IMIGRESEN MALAYSIA NEGERI  PERAK,', 'PUSAT TRANSFORMASI BANDAR (UTC PERAK)', 'LOT LA 8-11, 2ND UPPER FLOOR, OFF JALAN ONN JAAFAR,', '30030', 'PERAK.', 0, 0, '', 'CC NAJAH', '52413524', 'XL', 0, '', '0000-00-00 00:00:00', '', '2013-04-07 07:01:02', NULL),
(490, 132200, 'JPN CWGN HOSPITAL TAR KLANG', 'JPN', 'JABATAN PENDAFTARAN NEGARA', 'KEMENTERIAN DALAM NEGERI (CAWANGAN HOSPITAL TAR KLANG)', 'ARAS BAWAH, HOSPITAL TENGKU AMPUAN RAHIMAH KLANG, JALAN LANGA', '41200', ' SELANGOR', 0, 0, '', 'CC Ton', '333701733', 'S', 0, '', '0000-00-00 00:00:00', '', '0000-00-00 00:00:00', NULL),
(491, 41300, 'JPN CWGN HOSPITAL RAJA PEREMPUAN ZAINAB II, KELANT', 'JPN', 'JABATAN PENDAFTARAN NEGARA', 'CAWANGAN HOSPITAL RAJA PEREMPUAN ZAINAB II', ' JALAN HOSPITAL', '15000', 'KELANTAN', 0, 0, '', 'CC NAB', '097470246 / ''09', 'S', 0, '', '0000-00-00 00:00:00', '', '2013-04-07 07:01:02', NULL),
(492, 70401, 'IPD CAMERON HIGHLAND', 'PDRM', 'IBU PEJABAT POLIS DAERAH CAMERON HIGHLAND,                                                          ', ' POLIS DIRAJA MALAYSIA,                                                                             ', ' CAMERON HIGHLAND,                                                                                  ', '39100', 'PERAK', 0, 0, '', 'Harny', '54911222', 'P', 0, '1', '0000-00-00 00:00:00', '', '0000-00-00 00:00:00', 1),
(493, 0, 'nama_ptj', 'nama_jabatan', 'alamat', 'alamat2', 'alamat3', 'posko', 'negeri', 0, 0, 'nama_pegawai', 'nama_penyemak', 'no_telefon', 'sa', 0, 'cipta_oleh', '0000-00-00 00:00:00', 'kemaskini_o', '0000-00-00 00:00:00', 0);

-- --------------------------------------------------------

--
-- Table structure for table `surat_peringatan`
--

CREATE TABLE IF NOT EXISTS `surat_peringatan` (
  `id_surat_peringatan` int(11) NOT NULL AUTO_INCREMENT,
  `tarikh_surat_peringatan1` date NOT NULL,
  `tarikh_surat_peringatan2` date NOT NULL,
  `tarikh_surat_peringatan3` date NOT NULL,
  `bulan_kkwt` varchar(12) NOT NULL,
  `id_ptj` int(11) NOT NULL,
  `id_user` int(11) NOT NULL,
  `tahun_terima` varchar(20) NOT NULL,
  PRIMARY KEY (`id_surat_peringatan`)
) ENGINE=InnoDB DEFAULT CHARSET=latin1 AUTO_INCREMENT=1 ;

-- --------------------------------------------------------

--
-- Table structure for table `user`
--

CREATE TABLE IF NOT EXISTS `user` (
  `id_user` int(11) NOT NULL AUTO_INCREMENT,
  `nama` varchar(50) DEFAULT NULL,
  `nama_penuh` varchar(50) DEFAULT NULL,
  `jawatan` varchar(25) DEFAULT NULL,
  `gred` varchar(4) DEFAULT NULL,
  `no_tel` varchar(14) DEFAULT NULL,
  `email` varchar(45) DEFAULT NULL,
  `kata_laluan` varchar(50) DEFAULT NULL,
  `level` varchar(3) DEFAULT NULL COMMENT 'Tahap capaian bagi pengguna(administrator,pengguna,',
  `id_ptj` int(11) DEFAULT NULL,
  `cipta_oleh` varchar(11) DEFAULT NULL,
  `cipta_pada` datetime DEFAULT NULL,
  `kemaskini_oleh` varchar(11) DEFAULT NULL,
  `kemaskini_pada` timestamp NULL DEFAULT '0000-00-00 00:00:00' ON UPDATE CURRENT_TIMESTAMP,
  `status` tinyint(4) DEFAULT '1' COMMENT 'status sama ada aktif atau tidak 0=tidak dan 1=aktif (default)',
  PRIMARY KEY (`id_user`)
) ENGINE=InnoDB  DEFAULT CHARSET=latin1 AUTO_INCREMENT=2272035 ;

--
-- Dumping data for table `user`
--

INSERT INTO `user` (`id_user`, `nama`, `nama_penuh`, `jawatan`, `gred`, `no_tel`, `email`, `kata_laluan`, `level`, `id_ptj`, `cipta_oleh`, `cipta_pada`, `kemaskini_oleh`, `kemaskini_pada`, `status`) VALUES
(1, 'jamal', 'JAMALUDDIN BIN RAMLI  ', 'AKAUNTAN ', 'W48', '0388868322', 'jamaluddin.ramli@moha.gov.my', '74f56399c89f4bd03ff5e85b6bf4e85f', '2', NULL, NULL, NULL, NULL, '2013-07-24 08:18:08', 1),
(2, 'shazra', 'SHAZRA NAZURA BINTI MOHAMAD FIRDAUS', 'AKAUNTAN ', 'W41', '0388868503', 'nazura@moha.gov.my', NULL, '2', NULL, NULL, NULL, NULL, '2013-07-24 07:34:20', 1),
(3, 'masdiana', 'MASDIANA BT MOHAMED YUNUS', 'AKAUNTAN ', 'W41', '0388868097', 'masdiana@moha.gov.my', NULL, '2', NULL, NULL, NULL, NULL, '2013-07-24 12:05:52', 0),
(4, 'maslinda', 'NIK MASLINDA BINTI NIK HASSAN', 'PEN. AKAUNTAN ', 'W27', '0388868492', 'nikmaslinda@moha.gov.my', NULL, '2', NULL, NULL, NULL, NULL, '2013-07-24 07:25:21', 1),
(5, 'noorulaini', 'NOORULAINI BINTI SAHIMI', 'PEN. AKAUNTAN ', 'W27', '0388868492', 'noorulaini@moha.gov.my', NULL, '2', NULL, NULL, NULL, NULL, '2013-07-24 03:04:28', 1),
(6, 'norzaiton', 'NORZAITON BINTI SHAMSUDDIN', 'PEMB. AKAUNTAN KANAN ', 'W22', '0388868453', 'norzaiton@moha.gov.my', NULL, '3', NULL, NULL, NULL, NULL, '2013-07-24 03:04:34', 1),
(7, 'zainab', 'ZAINAB BINTI SALLEH', 'PEMB. AKAUNTAN KANAN ', 'W22', '0388868107', 'zainab@moha.gov.my', NULL, '3', NULL, NULL, NULL, NULL, '2013-07-24 04:08:06', 0),
(8, 'najah', 'MUHAMAD NAJAH BIN HUSIN', 'PEMB. AKAUNTAN KANAN ', 'W22', '0388868453', 'mnajah@moha.gov.my', NULL, '3', NULL, NULL, NULL, NULL, '2013-07-24 07:32:04', 0),
(9, 'ali', 'ALI BIN MUHAMED', 'PEMB. AKAUNTAN KANAN ', 'W22', '0388868107', 'ali@moha.gov.my', NULL, '3', NULL, NULL, NULL, NULL, '2013-07-24 04:01:43', 0),
(10, 'norhamizah', 'NORHAMIZAH BINTI KAMARUDIN', 'PEMB. TADBIR KEW KANAN', 'W22', '0388868453', 'norhamizah@moha.gov.my', NULL, '3', NULL, NULL, NULL, NULL, '2013-07-24 03:05:11', 1),
(11, 'aziyah', 'ZAWIFATUL AZIYAH BINTI MUHAMMAD ZAINAL', 'PEMB. TADBIR KEW', 'W17', '0388868492', 'aziyah@moha.gov.my', NULL, '3', NULL, NULL, NULL, NULL, '2013-07-24 03:05:50', 1),
(12, 'kamariah', 'NOR KAMARIAH BINTI MOHD NOH', 'PEMB. TADBIR KEW', 'W17', '0388868408', 'norkamariah@moha.gov.my', NULL, '3', NULL, NULL, NULL, NULL, '2013-07-24 03:06:05', 1),
(13, 'azizah', 'AZIZAH BINTI ABU BAKAR', 'PEMB. TADBIR KEW', 'W17', '0388868193', 'azizah@moha.gov.my', NULL, '3', NULL, NULL, NULL, NULL, '2013-07-24 03:06:21', 1),
(14, 'furzannee', 'FURZANNEE BINTI KASIM', 'PEMB. AKAUNTAN', 'W17', '0388868453', 'fuzannee@moha.gov.my', NULL, '3', NULL, NULL, NULL, NULL, '2013-07-24 03:07:30', 1),
(15, 'punithawathy', 'PUNITHAWATHY A/P AYADURAI', 'PEMB. AKAUNTAN', 'W17', '0388868193', 'punithawathy@moha.gov.my', NULL, '3', NULL, NULL, NULL, NULL, '2013-07-24 03:07:18', 1),
(16, 'hairol', 'MOHD HAIROL AMINI BIN SULAIMAN', 'PEMB. AKAUNTAN', 'W17', '0388868492', 'm.hairol@moha.gov.my', NULL, '3', NULL, NULL, NULL, NULL, '2013-07-24 03:07:06', 1),
(17, 'firliane', 'NOOR FIRLIANE BINTI MOHD SHAFIEE', 'PEMB. AKAUNTAN', 'W17', '0388868107', 'yanie.betty@yahoo.com', NULL, '3', NULL, NULL, NULL, NULL, '2013-07-24 03:06:55', 1),
(18, 'premah', 'PREMAH A/P NAGAYA', 'PEMB. AKAUNTAN', 'W17', '0388868453', 'premah@moha.gov.my', NULL, '3', NULL, NULL, NULL, NULL, '2013-07-24 03:06:47', 1),
(19, 'alin', 'AZLIN BINTI ZAINAL ABIDIN', 'PEMB. AKAUNTAN', 'W17', '0388868107', 'azlin@moha.gov.my', NULL, '3', NULL, NULL, NULL, NULL, '2013-07-24 03:06:39', 1),
(20, 'izzat', 'MOHAMMAD AIZA IZZAT BIN ABBAS', 'PEMB. AKAUNTAN', 'W17', '0388868107', 'izzat@moha.gov.my', NULL, '3', NULL, NULL, NULL, NULL, '2013-07-24 03:06:33', 1),
(21, 'farhana', 'FARHANA BINTI AHMAD SEFARI', 'PEMB. AKAUNTAN', 'W17', '0388868193', 'farhana_sefari@moha.gov.my', NULL, '3', NULL, NULL, NULL, NULL, '2013-07-24 03:08:01', 1),
(22, 'nadzhwa', 'NADZHWA BINTI TAPSIRIL', 'PEMB. AKAUNTAN', 'W17', '0388868492', 'nadzhwa@moha.gov.my', NULL, '3', NULL, NULL, NULL, NULL, '2013-07-24 03:08:12', 1),
(23, 'hilda', 'HILDA YAPP SWEE SHEN', 'PEMB. AKAUNTAN', 'W17', '0388868193', 'hilda@moha.gov.my', NULL, '3', NULL, NULL, NULL, NULL, '2013-07-24 03:08:20', 1),
(24, 'khalijah', 'SITI KHALIJAH BINTI ISMAIL', 'PEMB. AKAUNTAN', 'W17', '0388868193', 'khalijah.i@moha.gov.my', NULL, '3', NULL, NULL, NULL, NULL, '2013-07-24 03:08:28', 1),
(25, 'hafiz', 'MOHD HAFIZ BIN ABU HASSAN SAARI', 'PEMB. AKAUNTAN', 'W17', '0388868492', 'hafiz.hassan@moha.gov.my', NULL, '3', NULL, NULL, NULL, NULL, '2013-07-24 03:08:36', 1),
(26, 'faizanah', 'FAIZANAH BAHIAH BT MOHAMAD', 'PEMB. AKAUNTAN', 'W17', '0388868193', 'faizanah@moha.gov.my', NULL, '3', NULL, NULL, NULL, NULL, '2013-07-24 03:08:47', 1),
(27, 'roslan', 'ROSLAN BIN ABD. WAHAB', 'PEMB. AKAUNTAN', 'W17', '0388868107', 'roslan.wahab@moha.gov.my', NULL, '3', NULL, NULL, NULL, NULL, '2013-07-24 03:08:59', 1),
(28, 'fatimah', 'NOR FATIMAH BINTI MIO AZLAN', 'PEMB. AKAUNTAN', 'W17', '0388868107', 'nor_fatimah@moha.gov.my', NULL, '3', NULL, NULL, NULL, NULL, '2013-07-24 03:09:08', 1),
(29, 'harnyzurina', 'HARNYZURINA BINTI MOHD IBRAHIM', 'PEMB. AKAUNTAN', 'W17', '0388868193', 'harnyzurina@moha.gov.my', NULL, '3', NULL, NULL, NULL, NULL, '2013-07-24 03:09:16', 1),
(30, 'srisuria', 'SRI SURIA BINTI MOHAMAD SARIP', 'PEMB. AKAUNTAN', 'W17', '03888681193', 'srisuria@moha.gov.my', NULL, '3', NULL, NULL, NULL, NULL, '2013-07-24 03:09:29', 1),
(31, 'norfazilah', 'NORFAZILAH BINTI MOHAMMAD YUSOF', 'PEMB. AKAUNTAN', 'W17', '0388868492', 'norfazilah@moha.gov.my', NULL, '3', NULL, NULL, NULL, NULL, '2013-07-24 03:09:36', 1),
(32, 'siti', 'SITI ZUBAIDAH BT ABDUL HALIM', 'PEMB. AKAUNTAN', 'W17', '0388868107', 'zubaidah@moha.gov.my', 'siti', '3', NULL, NULL, NULL, NULL, '2013-07-24 03:09:44', 1),
(33, 'radha', 'RADHA A/P GUNASEKARAN', 'PEMB. AKAUNTAN', 'W17', '0388868408', 'radha@moha.gov.my', NULL, '3', NULL, NULL, NULL, NULL, '2013-07-24 03:09:52', 1),
(2272031, 'admin', 'ADMIN', 'PEN PEG TEKNOLOGI MAKLUMA', 'F29', '0388863086', 'admin@moha.gov.my', '21232f297a57a5a743894a0e4a801fc3', '1', NULL, NULL, '2013-07-24 00:00:00', NULL, '2013-07-24 08:19:04', 1),
(2272032, 'yunizar', 'YUNIZAR MOHD YUNUS', 'PPTM', 'F29', '0988817263', 'yunizar@moha.gov.my', 'yunizar', '1', NULL, NULL, '2013-07-24 00:00:00', NULL, '2013-07-24 07:42:20', 1),
(2272033, 's', 'S', 'S', 'S', '3425355555', 's@gov.my', NULL, '1', NULL, NULL, '2013-07-24 00:00:00', NULL, '0000-00-00 00:00:00', 1),
(2272034, 'f', 'F', 'F', 'F', '4535555555', 'aji@moha.gov.my', '8fa14cdd754f91cc6554c9e71929cce7', '1', NULL, NULL, '2013-07-24 00:00:00', NULL, '0000-00-00 00:00:00', 1);

-- --------------------------------------------------------

--
-- Table structure for table `user_ptj`
--

CREATE TABLE IF NOT EXISTS `user_ptj` (
  `id_user_ptj` int(11) NOT NULL AUTO_INCREMENT,
  `id_ptj` int(11) NOT NULL,
  `id_user` int(11) NOT NULL,
  `created_date` datetime DEFAULT NULL,
  `updated_date` timestamp NULL DEFAULT NULL ON UPDATE CURRENT_TIMESTAMP,
  `status` tinyint(4) DEFAULT '1' COMMENT 'status sama ada aktif atau tidak 0=tidak dan 1=aktif (default)',
  PRIMARY KEY (`id_user_ptj`),
  KEY `fk_id_user` (`id_user`) USING BTREE,
  KEY `fk_id_ptj` (`id_ptj`) USING BTREE
) ENGINE=InnoDB DEFAULT CHARSET=latin1 AUTO_INCREMENT=1 ;

/*!40101 SET CHARACTER_SET_CLIENT=@OLD_CHARACTER_SET_CLIENT */;
/*!40101 SET CHARACTER_SET_RESULTS=@OLD_CHARACTER_SET_RESULTS */;
/*!40101 SET COLLATION_CONNECTION=@OLD_COLLATION_CONNECTION */;
